
═══ e2e benchmark ═══
repo        : /home/c03rad0r/market
specs       : 6 (auth,cart,payments,pii-exposure,products,marketplace)
backends    : ndk
repeat      : 5
grep        : (none)
playwright  : npx playwright
run dir     : /home/c03rad0r/market/e2e-benchmark-results/20260704T102444Z
total runs  : 30
[1A[2K[WebServer] 
[WebServer] --- Seeding relay for e2e tests ---
[WebServer]   App pubkey: ed29ae1859d35e17...

[1A[2K[WebServer]   Published app settings (Kind 31990)

[1A[2K[WebServer]   Published admin list (Kind 30000)

[1A[2K[WebServer]   Published relay list (Kind 10002)

[1A[2K[WebServer] --- Relay seeding complete ---
[WebServer] 

[1A[2K[WebServer] [0m[2m[35m$[0m [2m[1mbun --hot src/index.tsx --host 0.0.0.0[0m

[1A[2K[WebServer] Fetching app settings from relay: ws://localhost:10547 for pubkey: ed29ae1859d35e17c8f9b9a1a21bd135881ddd2f8783466dd03723f439727035

[1A[2K[WebServer] Bootstrap manager initialized in bootstrap mode

[1A[2K[WebServer] Bootstrap manager initialized in bootstrap mode

[1A[2K[WebServer] App port: 34567

[1A[2K[WebServer] 🚀 Server running at http://localhost:34567/


--- E2E Global Setup ---
  App pubkey: ed29ae1859d35e17...
[1A[2K[WebServer] Marking event handler ready after initial delay (core components ready)

[1A[2K[WebServer] NDK connect warning (may still work): [0m[33mwarn[0m[2m:[0m [1mNDK connect timeout[0m
[WebServer] [0m      [2mat [0m[0m[2m<anonymous>[0m[2m ([0m[0m[36m[2m/home/c03rad0r/market/[0m[36msrc/lib/appSettings.ts[0m[2m:[0m[33m22[0m[2m:[33m67[0m[2m)[0m
[WebServer] 

[1A[2K[WebServer] Connected to 1 relays despite timeout
[WebServer] Fetching with filter: {"kinds":[31990],"authors":["ed29ae1859d35e17c8f9b9a1a21bd135881ddd2f8783466dd03723f439727035"],"#d":["plebeian-market-handler"],"limit":1}

[1A[2K[WebServer] Fetch returned 1 events
[WebServer] Found 1 app settings events

[1A[2K[WebServer] App settings loaded successfully

  Server health: OK (app settings loaded)
--- Global Setup Complete ---


Running 13 tests using 1 worker

[1A[2K[1/13] [chromium] › e2e/tests/auth.spec.ts:85:3 › Authentication › Extension Login › login via extension tab in dialog
[1A[2K[WebServer] [32mBundled page in 2143ms[0m[2m:[0m src/index.html

[1A[2K[WebServer] ⚠️ NDK service init failed, continuing anyway: [0m[33mwarn[0m[2m:[0m [1mNDK service init timeout[0m
[WebServer] [0m      [2mat [0m[0m[2m<anonymous>[0m[2m ([0m[0m[36m[2m/home/c03rad0r/market/[0m[36msrc/server/EventHandler.ts[0m[2m:[0m[33m81[0m[2m:[33m60[0m[2m)[0m
[WebServer] 

[1A[2K[WebServer] Found existing setup event

[1A[2K[WebServer] Found existing admin list, updating internal list
[WebServer] Updated admin list with 2 admins: [ [0m[32m"ed29ae1859d35e17c8f9b9a1a21bd135881ddd2f8783466dd03723f439727035"[0m[0m[0m[2m,[0m
[WebServer]   [0m[32m"86a82cab18b293f53cbaaae8cdcbee3f7ec427fdf9f9c933db77800bb5ef38a0"[0m[0m
[WebServer] ]

[1A[2K[2/13] [chromium] › e2e/tests/auth.spec.ts:116:3 › Authentication › Private Key Login › generate new key, encrypt, and login
[1A[2K[3/13] [chromium] › e2e/tests/auth.spec.ts:166:3 › Authentication › Private Key Login › login with existing seeded user private key (hex format)
[1A[2K[WebServer] ⚠️ App relay NDK setup failed, continuing anyway: [0m[33mwarn[0m[2m:[0m [1mApp relay NDK connect timeout[0m
[WebServer] [0m      [2mat [0m[0m[2m<anonymous>[0m[2m ([0m[0m[36m[2m/home/c03rad0r/market/[0m[36msrc/server/EventHandler.ts[0m[2m:[0m[33m108[0m[2m:[33m61[0m[2m)[0m
[WebServer] 

[1A[2K[WebServer] Connecting to zap relays: ws://localhost:10547, wss://relay.damus.io, wss://nos.lol, wss://relay.nostr.net, wss://relay.minibits.cash, wss://relay.coinos.io, wss://nwc.primal.net, wss://relay.primal.net

[1A[2K[4/13] [chromium] › e2e/tests/auth.spec.ts:203:3 › Authentication › Private Key Login › stored key login with correct password succeeds
[1A[2K[5/13] [chromium] › e2e/tests/auth.spec.ts:241:3 › Authentication › Private Key Login › stored key login with wrong password fails
[1A[2K[6/13] [chromium] › e2e/tests/auth.spec.ts:280:3 › Authentication › Private Key Login › remove stored key shows fresh key input
[1A[2K[WebServer] ⚠️ Failed to connect zap relay NDK; zap purchase receipts may not be processed: [0m[33mwarn[0m[2m:[0m [1mZap relay connection timeout[0m
[WebServer] [0m      [2mat [0m[0m[2m<anonymous>[0m[2m ([0m[0m[36m[2m/home/c03rad0r/market/[0m[36msrc/server/EventHandler.ts[0m[2m:[0m[33m136[0m[2m:[33m61[0m[2m)[0m
[WebServer] 

[1A[2K[WebServer] Subscribed to zap purchase receipts (Zap relays (partial))
[WebServer] EventHandler initialized successfully

[1A[2K[WebServer] ✅ EventHandler initialized successfully

[1A[2K  1) [chromium] › e2e/tests/auth.spec.ts:280:3 › Authentication › Private Key Login › remove stored key shows fresh key input 

    [31mTest timeout of 30000ms exceeded.[39m

    Error: browserContext.close: Target page, context or browser has been closed

      313 | 				expect(storedKey).toBeNull()
      314 | 			} finally {
    > 315 | 				await context.close()
          | 				^
      316 | 			}
      317 | 		})
      318 | 	})
        at /home/c03rad0r/market/e2e/tests/auth.spec.ts:315:5

    attachment #1: screenshot (image/png) ──────────────────────────────────────────────────────────
    test-results/auth-Authentication-Privat-f3a23-d-key-shows-fresh-key-input-chromium/test-failed-1.png
    ────────────────────────────────────────────────────────────────────────────────────────────────

    Error Context: test-results/auth-Authentication-Privat-f3a23-d-key-shows-fresh-key-input-chromium/error-context.md


[1A[2K[7/13] [chromium] › e2e/tests/auth.spec.ts:321:3 › Authentication › Bunker URL Validation › validates bunker URL format
[1A[2K[WebServer] NDK service connected to relay: ws://localhost:10547

[1A[2K[8/13] [chromium] › e2e/tests/auth.spec.ts:356:3 › Authentication › NIP-46 Nostr Connect › QR code login with NIP-46 mock
[1A[2K  2) [chromium] › e2e/tests/auth.spec.ts:356:3 › Authentication › NIP-46 Nostr Connect › QR code login with NIP-46 mock 

    Error: Relay rejected event: mute: no one was listening for this

       at ../utils/nip46-mock.ts:318

      316 | 			}
      317 |
    > 318 | 			throw new Error(`Relay rejected event: ${result.reason}`)
          | 			      ^
      319 | 		}
      320 | 	}
      321 |
        at Nip46Mock.sendEncrypted (/home/c03rad0r/market/e2e/utils/nip46-mock.ts:318:10)
        at Nip46Mock.respondToConnect (/home/c03rad0r/market/e2e/utils/nip46-mock.ts:219:3)
        at /home/c03rad0r/market/e2e/tests/auth.spec.ts:385:5

    attachment #1: screenshot (image/png) ──────────────────────────────────────────────────────────
    test-results/auth-Authentication-NIP-46-96de3-code-login-with-NIP-46-mock-chromium/test-failed-1.png
    ────────────────────────────────────────────────────────────────────────────────────────────────

    Error Context: test-results/auth-Authentication-NIP-46-96de3-code-login-with-NIP-46-mock-chromium/error-context.md


[1A[2K[9/13] [chromium] › e2e/tests/auth.spec.ts:406:3 › Authentication › NIP-46 Nostr Connect › bunker URL connect with NIP-46 mock
[1A[2K[10/13] [chromium] › e2e/tests/auth.spec.ts:448:3 › Authentication › Persistence and Reload › auto-login with extension after reload
[1A[2K[11/13] [chromium] › e2e/tests/auth.spec.ts:477:3 › Authentication › Persistence and Reload › decrypt fails for wrong password with stored private key after reload
[1A[2K[12/13] [chromium] › e2e/tests/auth.spec.ts:511:3 › Authentication › Persistence and Reload › decrypt dialog appears for stored private key after reload
[1A[2K[13/13] [chromium] › e2e/tests/auth.spec.ts:546:3 › Authentication › Logout › logout clears auth state and localStorage

--- E2E Global Teardown ---
  Cleanup complete
[1A[2K  2 failed
    [chromium] › e2e/tests/auth.spec.ts:280:3 › Authentication › Private Key Login › remove stored key shows fresh key input 
    [chromium] › e2e/tests/auth.spec.ts:356:3 › Authentication › NIP-46 Nostr Connect › QR code login with NIP-46 mock 
  11 passed (1.7m)
  [  1/30] auth                         [ndk]       run 1/5  FAIL  102s
[1A[2K[WebServer] 
[WebServer] --- Seeding relay for e2e tests ---
[WebServer]   App pubkey: ed29ae1859d35e17...

[1A[2K[WebServer]   Published app settings (Kind 31990)

[1A[2K[WebServer]   Published admin list (Kind 30000)

[1A[2K[WebServer]   Published relay list (Kind 10002)

[1A[2K[WebServer] --- Relay seeding complete ---
[WebServer] 

[1A[2K[WebServer] [0m[2m[35m$[0m [2m[1mbun --hot src/index.tsx --host 0.0.0.0[0m

[1A[2K[WebServer] Fetching app settings from relay: ws://localhost:10547 for pubkey: ed29ae1859d35e17c8f9b9a1a21bd135881ddd2f8783466dd03723f439727035

[1A[2K[WebServer] Bootstrap manager initialized in bootstrap mode

[1A[2K[WebServer] Bootstrap manager initialized in bootstrap mode

[1A[2K[WebServer] App port: 34567

[1A[2K[WebServer] 🚀 Server running at http://localhost:34567/


--- E2E Global Setup ---
  App pubkey: ed29ae1859d35e17...
[1A[2K[WebServer] Fetching with filter: {"kinds":[31990],"authors":["ed29ae1859d35e17c8f9b9a1a21bd135881ddd2f8783466dd03723f439727035"],"#d":["plebeian-market-handler"],"limit":1}

[1A[2K[WebServer] NDK service connected to relay: ws://localhost:10547

[1A[2K[WebServer] Fetch returned 1 events
[WebServer] Found 1 app settings events

[1A[2K[WebServer] App settings loaded successfully

[1A[2K[WebServer] Found existing admin list, updating internal list
[WebServer] Updated admin list with 2 admins: [ [0m[32m"ed29ae1859d35e17c8f9b9a1a21bd135881ddd2f8783466dd03723f439727035"[0m[0m[0m[2m,[0m
[WebServer]   [0m[32m"86a82cab18b293f53cbaaae8cdcbee3f7ec427fdf9f9c933db77800bb5ef38a0"[0m[0m
[WebServer] ]
[WebServer] Found existing setup event

[1A[2K[WebServer] [vanity-urls] No existing registry found

[1A[2K[WebServer] [nip05-names] No existing registry found

[1A[2K[WebServer] Subscribed to zap purchase receipts (App relay)

[1A[2K[WebServer] Connecting to zap relays: ws://localhost:10547, wss://relay.damus.io, wss://nos.lol, wss://relay.nostr.net, wss://relay.minibits.cash, wss://relay.coinos.io, wss://nwc.primal.net, wss://relay.primal.net

  Server health: OK (app settings loaded)
--- Global Setup Complete ---

[1A[2K[WebServer] Subscribed to zap purchase receipts (Zap relays)
[WebServer] EventHandler initialized successfully

[1A[2K[WebServer] ✅ EventHandler initialized successfully


Running 13 tests using 1 worker

[1A[2K[1/13] [chromium] › e2e/tests/auth.spec.ts:85:3 › Authentication › Extension Login › login via extension tab in dialog
[1A[2K[WebServer] [32mBundled page in 3023ms[0m[2m:[0m src/index.html

[1A[2K[2/13] [chromium] › e2e/tests/auth.spec.ts:116:3 › Authentication › Private Key Login › generate new key, encrypt, and login
[1A[2K[3/13] [chromium] › e2e/tests/auth.spec.ts:166:3 › Authentication › Private Key Login › login with existing seeded user private key (hex format)
[1A[2K[4/13] [chromium] › e2e/tests/auth.spec.ts:203:3 › Authentication › Private Key Login › stored key login with correct password succeeds
[1A[2K[5/13] [chromium] › e2e/tests/auth.spec.ts:241:3 › Authentication › Private Key Login › stored key login with wrong password fails
[1A[2K[6/13] [chromium] › e2e/tests/auth.spec.ts:280:3 › Authentication › Private Key Login › remove stored key shows fresh key input
[1A[2K  1) [chromium] › e2e/tests/auth.spec.ts:280:3 › Authentication › Private Key Login › remove stored key shows fresh key input 

    [31mTest timeout of 30000ms exceeded.[39m

    Error: browserContext.close: Target page, context or browser has been closed

      313 | 				expect(storedKey).toBeNull()
      314 | 			} finally {
    > 315 | 				await context.close()
          | 				^
      316 | 			}
      317 | 		})
      318 | 	})
        at /home/c03rad0r/market/e2e/tests/auth.spec.ts:315:5

    attachment #1: screenshot (image/png) ──────────────────────────────────────────────────────────
    test-results/auth-Authentication-Privat-f3a23-d-key-shows-fresh-key-input-chromium/test-failed-1.png
    ────────────────────────────────────────────────────────────────────────────────────────────────

    Error Context: test-results/auth-Authentication-Privat-f3a23-d-key-shows-fresh-key-input-chromium/error-context.md


[1A[2K[7/13] [chromium] › e2e/tests/auth.spec.ts:321:3 › Authentication › Bunker URL Validation › validates bunker URL format
[1A[2K[8/13] [chromium] › e2e/tests/auth.spec.ts:356:3 › Authentication › NIP-46 Nostr Connect › QR code login with NIP-46 mock
[1A[2K[9/13] [chromium] › e2e/tests/auth.spec.ts:406:3 › Authentication › NIP-46 Nostr Connect › bunker URL connect with NIP-46 mock
[1A[2K[10/13] [chromium] › e2e/tests/auth.spec.ts:448:3 › Authentication › Persistence and Reload › auto-login with extension after reload
[1A[2K[11/13] [chromium] › e2e/tests/auth.spec.ts:477:3 › Authentication › Persistence and Reload › decrypt fails for wrong password with stored private key after reload
[1A[2K[12/13] [chromium] › e2e/tests/auth.spec.ts:511:3 › Authentication › Persistence and Reload › decrypt dialog appears for stored private key after reload
[1A[2K[13/13] [chromium] › e2e/tests/auth.spec.ts:546:3 › Authentication › Logout › logout clears auth state and localStorage

--- E2E Global Teardown ---
  Cleanup complete
[1A[2K  1 failed
    [chromium] › e2e/tests/auth.spec.ts:280:3 › Authentication › Private Key Login › remove stored key shows fresh key input 
  12 passed (1.6m)
  [  2/30] auth                         [ndk]       run 2/5  FAIL  98s
[1A[2K[WebServer] 
[WebServer] --- Seeding relay for e2e tests ---
[WebServer]   App pubkey: ed29ae1859d35e17...

[1A[2K[WebServer]   Published app settings (Kind 31990)

[1A[2K[WebServer]   Published admin list (Kind 30000)

[1A[2K[WebServer]   Published relay list (Kind 10002)

[1A[2K[WebServer] --- Relay seeding complete ---
[WebServer] 

[1A[2K[WebServer] [0m[2m[35m$[0m [2m[1mbun --hot src/index.tsx --host 0.0.0.0[0m

[1A[2K[WebServer] Fetching app settings from relay: ws://localhost:10547 for pubkey: ed29ae1859d35e17c8f9b9a1a21bd135881ddd2f8783466dd03723f439727035

[1A[2K[WebServer] Bootstrap manager initialized in bootstrap mode
[WebServer] Bootstrap manager initialized in bootstrap mode

[1A[2K[WebServer] App port: 34567

[1A[2K[WebServer] 🚀 Server running at http://localhost:34567/


--- E2E Global Setup ---
  App pubkey: ed29ae1859d35e17...
[1A[2K[WebServer] Fetching with filter: {"kinds":[31990],"authors":["ed29ae1859d35e17c8f9b9a1a21bd135881ddd2f8783466dd03723f439727035"],"#d":["plebeian-market-handler"],"limit":1}

[1A[2K[WebServer] NDK service connected to relay: ws://localhost:10547

[1A[2K[WebServer] Fetch returned 1 events
[WebServer] Found 1 app settings events

[1A[2K[WebServer] App settings loaded successfully

[1A[2K[WebServer] Found existing setup event

[1A[2K[WebServer] Found existing admin list, updating internal list
[WebServer] Updated admin list with 2 admins: [ [0m[32m"ed29ae1859d35e17c8f9b9a1a21bd135881ddd2f8783466dd03723f439727035"[0m[0m[0m[2m,[0m
[WebServer]   [0m[32m"86a82cab18b293f53cbaaae8cdcbee3f7ec427fdf9f9c933db77800bb5ef38a0"[0m[0m
[WebServer] ]

[1A[2K[WebServer] [vanity-urls] No existing registry found

[1A[2K[WebServer] [nip05-names] No existing registry found

[1A[2K[WebServer] Subscribed to zap purchase receipts (App relay)
[WebServer] Connecting to zap relays: ws://localhost:10547, wss://relay.damus.io, wss://nos.lol, wss://relay.nostr.net, wss://relay.minibits.cash, wss://relay.coinos.io, wss://nwc.primal.net, wss://relay.primal.net

  Server health: OK (app settings loaded)
--- Global Setup Complete ---

[1A[2K[WebServer] Subscribed to zap purchase receipts (Zap relays)
[WebServer] EventHandler initialized successfully

[1A[2K[WebServer] ✅ EventHandler initialized successfully


Running 13 tests using 1 worker

[1A[2K[1/13] [chromium] › e2e/tests/auth.spec.ts:85:3 › Authentication › Extension Login › login via extension tab in dialog
[1A[2K[WebServer] [32mBundled page in 3374ms[0m[2m:[0m src/index.html

[1A[2K[2/13] [chromium] › e2e/tests/auth.spec.ts:116:3 › Authentication › Private Key Login › generate new key, encrypt, and login
[1A[2K[3/13] [chromium] › e2e/tests/auth.spec.ts:166:3 › Authentication › Private Key Login › login with existing seeded user private key (hex format)
[1A[2K[4/13] [chromium] › e2e/tests/auth.spec.ts:203:3 › Authentication › Private Key Login › stored key login with correct password succeeds
[1A[2K[5/13] [chromium] › e2e/tests/auth.spec.ts:241:3 › Authentication › Private Key Login › stored key login with wrong password fails
[1A[2K[6/13] [chromium] › e2e/tests/auth.spec.ts:280:3 › Authentication › Private Key Login › remove stored key shows fresh key input
[1A[2K  1) [chromium] › e2e/tests/auth.spec.ts:280:3 › Authentication › Private Key Login › remove stored key shows fresh key input 

    [31mTest timeout of 30000ms exceeded.[39m

    Error: browserContext.close: Target page, context or browser has been closed

      313 | 				expect(storedKey).toBeNull()
      314 | 			} finally {
    > 315 | 				await context.close()
          | 				^
      316 | 			}
      317 | 		})
      318 | 	})
        at /home/c03rad0r/market/e2e/tests/auth.spec.ts:315:5

    attachment #1: screenshot (image/png) ──────────────────────────────────────────────────────────
    test-results/auth-Authentication-Privat-f3a23-d-key-shows-fresh-key-input-chromium/test-failed-1.png
    ────────────────────────────────────────────────────────────────────────────────────────────────

    Error Context: test-results/auth-Authentication-Privat-f3a23-d-key-shows-fresh-key-input-chromium/error-context.md


[1A[2K[7/13] [chromium] › e2e/tests/auth.spec.ts:321:3 › Authentication › Bunker URL Validation › validates bunker URL format
[1A[2K[8/13] [chromium] › e2e/tests/auth.spec.ts:356:3 › Authentication › NIP-46 Nostr Connect › QR code login with NIP-46 mock
[1A[2K[9/13] [chromium] › e2e/tests/auth.spec.ts:406:3 › Authentication › NIP-46 Nostr Connect › bunker URL connect with NIP-46 mock
[1A[2K[10/13] [chromium] › e2e/tests/auth.spec.ts:448:3 › Authentication › Persistence and Reload › auto-login with extension after reload
[1A[2K[11/13] [chromium] › e2e/tests/auth.spec.ts:477:3 › Authentication › Persistence and Reload › decrypt fails for wrong password with stored private key after reload
[1A[2K[12/13] [chromium] › e2e/tests/auth.spec.ts:511:3 › Authentication › Persistence and Reload › decrypt dialog appears for stored private key after reload
[1A[2K[13/13] [chromium] › e2e/tests/auth.spec.ts:546:3 › Authentication › Logout › logout clears auth state and localStorage

--- E2E Global Teardown ---
  Cleanup complete
[1A[2K  1 failed
    [chromium] › e2e/tests/auth.spec.ts:280:3 › Authentication › Private Key Login › remove stored key shows fresh key input 
  12 passed (1.8m)
  [  3/30] auth                         [ndk]       run 3/5  FAIL  110s
[1A[2K[WebServer] 
[WebServer] --- Seeding relay for e2e tests ---
[WebServer]   App pubkey: ed29ae1859d35e17...

[1A[2K[WebServer]   Published app settings (Kind 31990)

[1A[2K[WebServer]   Published admin list (Kind 30000)

[1A[2K[WebServer]   Published relay list (Kind 10002)

[1A[2K[WebServer] --- Relay seeding complete ---
[WebServer] 

[1A[2K[WebServer] [0m[2m[35m$[0m [2m[1mbun --hot src/index.tsx --host 0.0.0.0[0m

[1A[2K[WebServer] Fetching app settings from relay: ws://localhost:10547 for pubkey: ed29ae1859d35e17c8f9b9a1a21bd135881ddd2f8783466dd03723f439727035

[1A[2K[WebServer] Bootstrap manager initialized in bootstrap mode

[1A[2K[WebServer] Bootstrap manager initialized in bootstrap mode

[1A[2K[WebServer] App port: 34567

[1A[2K[WebServer] 🚀 Server running at http://localhost:34567/

[1A[2K[WebServer] NDK service connected to relay: ws://localhost:10547

[1A[2K[WebServer] Fetching with filter: {"kinds":[31990],"authors":["ed29ae1859d35e17c8f9b9a1a21bd135881ddd2f8783466dd03723f439727035"],"#d":["plebeian-market-handler"],"limit":1}

[1A[2K[WebServer] Found existing setup event

[1A[2K[WebServer] Found existing admin list, updating internal list

[1A[2K[WebServer] Updated admin list with 2 admins: [ [0m[32m"ed29ae1859d35e17c8f9b9a1a21bd135881ddd2f8783466dd03723f439727035"[0m[0m[0m[2m,[0m
[WebServer]   [0m[32m"86a82cab18b293f53cbaaae8cdcbee3f7ec427fdf9f9c933db77800bb5ef38a0"[0m[0m
[WebServer] ]

[1A[2K[WebServer] Fetch returned 1 events
[WebServer] Found 1 app settings events

[1A[2K[WebServer] App settings loaded successfully


--- E2E Global Setup ---
  App pubkey: ed29ae1859d35e17...
  Server health: OK (app settings loaded)
--- Global Setup Complete ---

[1A[2K[WebServer] [vanity-urls] No existing registry found

[1A[2K[WebServer] [nip05-names] No existing registry found
[WebServer] Subscribed to zap purchase receipts (App relay)
[WebServer] Connecting to zap relays: ws://localhost:10547, wss://relay.damus.io, wss://nos.lol, wss://relay.nostr.net, wss://relay.minibits.cash, wss://relay.coinos.io, wss://nwc.primal.net, wss://relay.primal.net


Running 13 tests using 1 worker

[1A[2K[WebServer] Subscribed to zap purchase receipts (Zap relays)
[WebServer] EventHandler initialized successfully

[1A[2K[WebServer] ✅ EventHandler initialized successfully

[1A[2K[1/13] [chromium] › e2e/tests/auth.spec.ts:85:3 › Authentication › Extension Login › login via extension tab in dialog
[1A[2K[WebServer] [32mBundled page in 2323ms[0m[2m:[0m src/index.html

[1A[2K[2/13] [chromium] › e2e/tests/auth.spec.ts:116:3 › Authentication › Private Key Login › generate new key, encrypt, and login
[1A[2K[3/13] [chromium] › e2e/tests/auth.spec.ts:166:3 › Authentication › Private Key Login › login with existing seeded user private key (hex format)
[1A[2K[4/13] [chromium] › e2e/tests/auth.spec.ts:203:3 › Authentication › Private Key Login › stored key login with correct password succeeds
[1A[2K[5/13] [chromium] › e2e/tests/auth.spec.ts:241:3 › Authentication › Private Key Login › stored key login with wrong password fails
[1A[2K[6/13] [chromium] › e2e/tests/auth.spec.ts:280:3 › Authentication › Private Key Login › remove stored key shows fresh key input
[1A[2K  1) [chromium] › e2e/tests/auth.spec.ts:280:3 › Authentication › Private Key Login › remove stored key shows fresh key input 

    [31mTest timeout of 30000ms exceeded.[39m

    Error: browserContext.close: Target page, context or browser has been closed

      313 | 				expect(storedKey).toBeNull()
      314 | 			} finally {
    > 315 | 				await context.close()
          | 				^
      316 | 			}
      317 | 		})
      318 | 	})
        at /home/c03rad0r/market/e2e/tests/auth.spec.ts:315:5

    attachment #1: screenshot (image/png) ──────────────────────────────────────────────────────────
    test-results/auth-Authentication-Privat-f3a23-d-key-shows-fresh-key-input-chromium/test-failed-1.png
    ────────────────────────────────────────────────────────────────────────────────────────────────

    Error Context: test-results/auth-Authentication-Privat-f3a23-d-key-shows-fresh-key-input-chromium/error-context.md


[1A[2K[7/13] [chromium] › e2e/tests/auth.spec.ts:321:3 › Authentication › Bunker URL Validation › validates bunker URL format
[1A[2K[8/13] [chromium] › e2e/tests/auth.spec.ts:356:3 › Authentication › NIP-46 Nostr Connect › QR code login with NIP-46 mock
[1A[2K[9/13] [chromium] › e2e/tests/auth.spec.ts:406:3 › Authentication › NIP-46 Nostr Connect › bunker URL connect with NIP-46 mock
[1A[2K[10/13] [chromium] › e2e/tests/auth.spec.ts:448:3 › Authentication › Persistence and Reload › auto-login with extension after reload
[1A[2K[11/13] [chromium] › e2e/tests/auth.spec.ts:477:3 › Authentication › Persistence and Reload › decrypt fails for wrong password with stored private key after reload
[1A[2K[12/13] [chromium] › e2e/tests/auth.spec.ts:511:3 › Authentication › Persistence and Reload › decrypt dialog appears for stored private key after reload
[1A[2K[13/13] [chromium] › e2e/tests/auth.spec.ts:546:3 › Authentication › Logout › logout clears auth state and localStorage

--- E2E Global Teardown ---
  Cleanup complete
[1A[2K  1 failed
    [chromium] › e2e/tests/auth.spec.ts:280:3 › Authentication › Private Key Login › remove stored key shows fresh key input 
  12 passed (1.8m)
  [  4/30] auth                         [ndk]       run 4/5  FAIL  111s
[1A[2K[WebServer] 
[WebServer] --- Seeding relay for e2e tests ---
[WebServer]   App pubkey: ed29ae1859d35e17...

[1A[2K[WebServer]   Published app settings (Kind 31990)

[1A[2K[WebServer]   Published admin list (Kind 30000)

[1A[2K[WebServer]   Published relay list (Kind 10002)

[1A[2K[WebServer] --- Relay seeding complete ---
[WebServer] 

[1A[2K[WebServer] [0m[2m[35m$[0m [2m[1mbun --hot src/index.tsx --host 0.0.0.0[0m

[1A[2K[WebServer] Fetching app settings from relay: ws://localhost:10547 for pubkey: ed29ae1859d35e17c8f9b9a1a21bd135881ddd2f8783466dd03723f439727035

[1A[2K[WebServer] Bootstrap manager initialized in bootstrap mode

[1A[2K[WebServer] Bootstrap manager initialized in bootstrap mode

[1A[2K[WebServer] App port: 34567

[1A[2K[WebServer] 🚀 Server running at http://localhost:34567/

[1A[2K[WebServer] Fetching with filter: {"kinds":[31990],"authors":["ed29ae1859d35e17c8f9b9a1a21bd135881ddd2f8783466dd03723f439727035"],"#d":["plebeian-market-handler"],"limit":1}

[1A[2K[WebServer] NDK service connected to relay: ws://localhost:10547

[1A[2K[WebServer] Fetch returned 1 events
[WebServer] Found 1 app settings events

[1A[2K[WebServer] App settings loaded successfully

[1A[2K[WebServer] Found existing setup event


--- E2E Global Setup ---
  App pubkey: ed29ae1859d35e17...
[1A[2K[WebServer] Found existing admin list, updating internal list
[WebServer] Updated admin list with 2 admins: [ [0m[32m"ed29ae1859d35e17c8f9b9a1a21bd135881ddd2f8783466dd03723f439727035"[0m[0m[0m[2m,[0m
[WebServer]   [0m[32m"86a82cab18b293f53cbaaae8cdcbee3f7ec427fdf9f9c933db77800bb5ef38a0"[0m[0m
[WebServer] ]

  Server health: OK (app settings loaded)
--- Global Setup Complete ---


Running 13 tests using 1 worker

[1A[2K[WebServer] [vanity-urls] No existing registry found

[1A[2K[WebServer] [nip05-names] No existing registry found

[1A[2K[WebServer] Subscribed to zap purchase receipts (App relay)
[WebServer] Connecting to zap relays: ws://localhost:10547, wss://relay.damus.io, wss://nos.lol, wss://relay.nostr.net, wss://relay.minibits.cash, wss://relay.coinos.io, wss://nwc.primal.net, wss://relay.primal.net

[1A[2K[WebServer] Subscribed to zap purchase receipts (Zap relays)
[WebServer] EventHandler initialized successfully

[1A[2K[WebServer] ✅ EventHandler initialized successfully

[1A[2K[1/13] [chromium] › e2e/tests/auth.spec.ts:85:3 › Authentication › Extension Login › login via extension tab in dialog
[1A[2K[WebServer] [32mBundled page in 2180ms[0m[2m:[0m src/index.html

[1A[2K[2/13] [chromium] › e2e/tests/auth.spec.ts:116:3 › Authentication › Private Key Login › generate new key, encrypt, and login
[1A[2K[3/13] [chromium] › e2e/tests/auth.spec.ts:166:3 › Authentication › Private Key Login › login with existing seeded user private key (hex format)
[1A[2K[4/13] [chromium] › e2e/tests/auth.spec.ts:203:3 › Authentication › Private Key Login › stored key login with correct password succeeds
[1A[2K[5/13] [chromium] › e2e/tests/auth.spec.ts:241:3 › Authentication › Private Key Login › stored key login with wrong password fails
[1A[2K[6/13] [chromium] › e2e/tests/auth.spec.ts:280:3 › Authentication › Private Key Login › remove stored key shows fresh key input
[1A[2K  1) [chromium] › e2e/tests/auth.spec.ts:280:3 › Authentication › Private Key Login › remove stored key shows fresh key input 

    [31mTest timeout of 30000ms exceeded.[39m

    Error: browserContext.close: Target page, context or browser has been closed

      313 | 				expect(storedKey).toBeNull()
      314 | 			} finally {
    > 315 | 				await context.close()
          | 				^
      316 | 			}
      317 | 		})
      318 | 	})
        at /home/c03rad0r/market/e2e/tests/auth.spec.ts:315:5

    attachment #1: screenshot (image/png) ──────────────────────────────────────────────────────────
    test-results/auth-Authentication-Privat-f3a23-d-key-shows-fresh-key-input-chromium/test-failed-1.png
    ────────────────────────────────────────────────────────────────────────────────────────────────

    Error Context: test-results/auth-Authentication-Privat-f3a23-d-key-shows-fresh-key-input-chromium/error-context.md


[1A[2K[7/13] [chromium] › e2e/tests/auth.spec.ts:321:3 › Authentication › Bunker URL Validation › validates bunker URL format
[1A[2K[8/13] [chromium] › e2e/tests/auth.spec.ts:356:3 › Authentication › NIP-46 Nostr Connect › QR code login with NIP-46 mock
[1A[2K[9/13] [chromium] › e2e/tests/auth.spec.ts:406:3 › Authentication › NIP-46 Nostr Connect › bunker URL connect with NIP-46 mock
[1A[2K[10/13] [chromium] › e2e/tests/auth.spec.ts:448:3 › Authentication › Persistence and Reload › auto-login with extension after reload
[1A[2K[11/13] [chromium] › e2e/tests/auth.spec.ts:477:3 › Authentication › Persistence and Reload › decrypt fails for wrong password with stored private key after reload
[1A[2K[12/13] [chromium] › e2e/tests/auth.spec.ts:511:3 › Authentication › Persistence and Reload › decrypt dialog appears for stored private key after reload
[1A[2K[13/13] [chromium] › e2e/tests/auth.spec.ts:546:3 › Authentication › Logout › logout clears auth state and localStorage

--- E2E Global Teardown ---
  Cleanup complete
[1A[2K  1 failed
    [chromium] › e2e/tests/auth.spec.ts:280:3 › Authentication › Private Key Login › remove stored key shows fresh key input 
  12 passed (1.4m)
  [  5/30] auth                         [ndk]       run 5/5  FAIL  88s
[1A[2K[WebServer] 
[WebServer] --- Seeding relay for e2e tests ---
[WebServer]   App pubkey: ed29ae1859d35e17...

[1A[2K[WebServer]   Published app settings (Kind 31990)

[1A[2K[WebServer]   Published admin list (Kind 30000)

[1A[2K[WebServer]   Published relay list (Kind 10002)

[1A[2K[WebServer] --- Relay seeding complete ---
[WebServer] 

[1A[2K[WebServer] [0m[2m[35m$[0m [2m[1mbun --hot src/index.tsx --host 0.0.0.0[0m

[1A[2K[WebServer] Fetching app settings from relay: ws://localhost:10547 for pubkey: ed29ae1859d35e17c8f9b9a1a21bd135881ddd2f8783466dd03723f439727035

[1A[2K[WebServer] Bootstrap manager initialized in bootstrap mode

[1A[2K[WebServer] Bootstrap manager initialized in bootstrap mode

[1A[2K[WebServer] App port: 34567

[1A[2K[WebServer] 🚀 Server running at http://localhost:34567/

[1A[2K[WebServer] Fetching with filter: {"kinds":[31990],"authors":["ed29ae1859d35e17c8f9b9a1a21bd135881ddd2f8783466dd03723f439727035"],"#d":["plebeian-market-handler"],"limit":1}

[1A[2K[WebServer] NDK service connected to relay: ws://localhost:10547


--- E2E Global Setup ---
  App pubkey: ed29ae1859d35e17...
[1A[2K[WebServer] Fetch returned 1 events
[WebServer] Found 1 app settings events
[WebServer] App settings loaded successfully

[1A[2K[WebServer] Found existing admin list, updating internal list
[WebServer] Updated admin list with 2 admins: [ [0m[32m"ed29ae1859d35e17c8f9b9a1a21bd135881ddd2f8783466dd03723f439727035"[0m[0m[0m[2m,[0m
[WebServer]   [0m[32m"86a82cab18b293f53cbaaae8cdcbee3f7ec427fdf9f9c933db77800bb5ef38a0"[0m[0m
[WebServer] ]
[WebServer] Found existing setup event

  Server health: OK (app settings loaded)
--- Global Setup Complete ---

[1A[2K[WebServer] [vanity-urls] No existing registry found


Running 13 tests using 1 worker

[1A[2K[WebServer] [nip05-names] No existing registry found

[1A[2K[WebServer] Subscribed to zap purchase receipts (App relay)
[WebServer] Connecting to zap relays: ws://localhost:10547, wss://relay.damus.io, wss://nos.lol, wss://relay.nostr.net, wss://relay.minibits.cash, wss://relay.coinos.io, wss://nwc.primal.net, wss://relay.primal.net

[1A[2K[WebServer] Subscribed to zap purchase receipts (Zap relays)
[WebServer] EventHandler initialized successfully

[1A[2K[WebServer] ✅ EventHandler initialized successfully

[1A[2K[1/13] [chromium] › e2e/tests/cart.spec.ts:99:2 › Cart - Remove Items › can remove a single item from cart
[1A[2K[chromium] › e2e/tests/cart.spec.ts:99:2 › Cart - Remove Items › can remove a single item from cart
  Seeding: base (user profiles)

[1A[2K    Published profile: TestMerchant

[1A[2K    Published profile: TestBuyer

[1A[2K    Published profile: TestApp

[1A[2K    Published admin list with devUser1

[1A[2K  Seeding: merchant (shipping, payments, products)

[1A[2K[WebServer] Live admin list update received (created_at=1783161198)

[1A[2K[WebServer] Updated admin list with 2 admins: [ [0m[32m"ed29ae1859d35e17c8f9b9a1a21bd135881ddd2f8783466dd03723f439727035"[0m[0m[0m[2m,[0m
[WebServer]   [0m[32m"86a82cab18b293f53cbaaae8cdcbee3f7ec427fdf9f9c933db77800bb5ef38a0"[0m[0m
[WebServer] ]

[1A[2K    Published shipping: Worldwide Standard

[1A[2K    Published shipping: Digital Delivery

[1A[2K    Published shipping: Local Pickup - Bitcoin Store

[1A[2K    Published payment: LIGHTNING_NETWORK

[1A[2K    Published V4V shares (10% to community)

[1A[2K    Published product: Bitcoin Hardware Wallet

[1A[2K    Published product: Nostr T-Shirt

[1A[2K    Published product: Bitcoin E-Book

[1A[2K    Published product: Bitcoin Conference Ticket

[1A[2K  Seeding: marketplace (second merchant)

[1A[2K    Published shipping: Express Shipping

[1A[2K    Published shipping: Digital Delivery

[1A[2K    Published payment: LIGHTNING_NETWORK

[1A[2K    Published V4V shares (10% to community)

[1A[2K    Published product: Lightning Node Setup Guide

[1A[2K[WebServer] [32mBundled page in 2701ms[0m[2m:[0m src/index.html

[1A[2K[2/13] [chromium] › e2e/tests/cart.spec.ts:118:2 › Cart - Remove Items › removing one item from multi-item cart keeps others
[1A[2K[3/13] [chromium] › e2e/tests/cart.spec.ts:153:2 › Cart - Change Quantity › can increment product quantity using the plus button
[1A[2K[4/13] [chromium] › e2e/tests/cart.spec.ts:174:2 › Cart - Change Quantity › can decrement product quantity using the minus button
[1A[2K[5/13] [chromium] › e2e/tests/cart.spec.ts:200:2 › Cart - Change Quantity › decrement button is disabled at quantity 1
[1A[2K[6/13] [chromium] › e2e/tests/cart.spec.ts:214:2 › Cart - Change Quantity › can add same product multiple times from product listing
[1A[2K[7/13] [chromium] › e2e/tests/cart.spec.ts:251:2 › Cart - Multiple Merchants › products from different sellers are grouped separately
[1A[2K  1) [chromium] › e2e/tests/cart.spec.ts:251:2 › Cart - Multiple Merchants › products from different sellers are grouped separately 

    Error: [2mexpect([22m[31mlocator[39m[2m).[22mtoHaveCount[2m([22m[32mexpected[39m[2m)[22m failed

    Locator:  getByRole('dialog', { name: /your cart/i }).getByText('Select shipping method')
    Expected: [32m2[39m
    Received: [31m0[39m
    Timeout:  10000ms

    Call log:
    [2m  - Expect "toHaveCount" with timeout 10000ms[22m
    [2m  - waiting for getByRole('dialog', { name: /your cart/i }).getByText('Select shipping method')[22m
    [2m    24 × locator resolved to 0 elements[22m
    [2m       - unexpected value "0"[22m


      266 | 		// so there should be 2 "Select shipping method" triggers
      267 | 		const shippingTriggers = dialog.getByText('Select shipping method')
    > 268 | 		await expect(shippingTriggers).toHaveCount(2, { timeout: 10_000 })
          | 		                               ^
      269 | 	})
      270 |
      271 | 	test('can add multiple products from same seller', async ({ newUserPage }) => {
        at /home/c03rad0r/market/e2e/tests/cart.spec.ts:268:34

    attachment #1: screenshot (image/png) ──────────────────────────────────────────────────────────
    test-results/cart-Cart---Multiple-Merch-8aa0d-lers-are-grouped-separately-chromium/test-failed-1.png
    ────────────────────────────────────────────────────────────────────────────────────────────────

    Error Context: test-results/cart-Cart---Multiple-Merch-8aa0d-lers-are-grouped-separately-chromium/error-context.md


[1A[2K[8/13] [chromium] › e2e/tests/cart.spec.ts:271:2 › Cart - Multiple Merchants › can add multiple products from same seller
[1A[2K[chromium] › e2e/tests/cart.spec.ts:271:2 › Cart - Multiple Merchants › can add multiple products from same seller
  Seeding: base (user profiles)

[1A[2K    Published profile: TestMerchant

[1A[2K    Published profile: TestBuyer

[1A[2K    Published profile: TestApp

[1A[2K    Published admin list with devUser1

[1A[2K  Seeding: merchant (shipping, payments, products)

[1A[2K[WebServer] Live admin list update received (created_at=1783161270)

[1A[2K[WebServer] Updated admin list with 2 admins: [ [0m[32m"ed29ae1859d35e17c8f9b9a1a21bd135881ddd2f8783466dd03723f439727035"[0m[0m[0m[2m,[0m
[WebServer]   [0m[32m"86a82cab18b293f53cbaaae8cdcbee3f7ec427fdf9f9c933db77800bb5ef38a0"[0m[0m
[WebServer] ]

[1A[2K    Published shipping: Worldwide Standard

[1A[2K    Published shipping: Digital Delivery

[1A[2K    Published shipping: Local Pickup - Bitcoin Store

[1A[2K    Published payment: LIGHTNING_NETWORK

[1A[2K    Published V4V shares (10% to community)

[1A[2K    Published product: Bitcoin Hardware Wallet

[1A[2K    Published product: Nostr T-Shirt

[1A[2K    Published product: Bitcoin E-Book

[1A[2K    Published product: Bitcoin Conference Ticket

[1A[2K  Seeding: marketplace (second merchant)

[1A[2K    Published shipping: Express Shipping

[1A[2K    Published shipping: Digital Delivery

[1A[2K    Published payment: LIGHTNING_NETWORK

[1A[2K    Published V4V shares (10% to community)

[1A[2K    Published product: Lightning Node Setup Guide

[1A[2K  2) [chromium] › e2e/tests/cart.spec.ts:271:2 › Cart - Multiple Merchants › can add multiple products from same seller 

    Error: [2mexpect([22m[31mlocator[39m[2m).[22mtoHaveCount[2m([22m[32mexpected[39m[2m)[22m failed

    Locator:  getByRole('dialog', { name: /your cart/i }).getByText('Select shipping method')
    Expected: [32m1[39m
    Received: [31m0[39m
    Timeout:  10000ms

    Call log:
    [2m  - Expect "toHaveCount" with timeout 10000ms[22m
    [2m  - waiting for getByRole('dialog', { name: /your cart/i }).getByText('Select shipping method')[22m
    [2m    23 × locator resolved to 0 elements[22m
    [2m       - unexpected value "0"[22m


      286 | 		// They're grouped under the same seller, so only 1 shipping selector
      287 | 		const shippingTriggers = dialog.getByText('Select shipping method')
    > 288 | 		await expect(shippingTriggers).toHaveCount(1, { timeout: 10_000 })
          | 		                               ^
      289 | 	})
      290 |
      291 | 	test('removing all items from one seller keeps other seller items', async ({ newUserPage }) => {
        at /home/c03rad0r/market/e2e/tests/cart.spec.ts:288:34

    attachment #1: screenshot (image/png) ──────────────────────────────────────────────────────────
    test-results/cart-Cart---Multiple-Merch-3f604-e-products-from-same-seller-chromium/test-failed-1.png
    ────────────────────────────────────────────────────────────────────────────────────────────────

    Error Context: test-results/cart-Cart---Multiple-Merch-3f604-e-products-from-same-seller-chromium/error-context.md


[1A[2K[9/13] [chromium] › e2e/tests/cart.spec.ts:291:2 › Cart - Multiple Merchants › removing all items from one seller keeps other seller items
[1A[2K[chromium] › e2e/tests/cart.spec.ts:291:2 › Cart - Multiple Merchants › removing all items from one seller keeps other seller items
  Seeding: base (user profiles)

[1A[2K    Published profile: TestMerchant

[1A[2K    Published profile: TestBuyer

[1A[2K    Published profile: TestApp

[1A[2K    Published admin list with devUser1

[1A[2K  Seeding: merchant (shipping, payments, products)

[1A[2K[WebServer] Live admin list update received (created_at=1783161288)
[WebServer] Updated admin list with 2 admins: [ [0m[32m"ed29ae1859d35e17c8f9b9a1a21bd135881ddd2f8783466dd03723f439727035"[0m[0m[0m[2m,[0m
[WebServer]   [0m[32m"86a82cab18b293f53cbaaae8cdcbee3f7ec427fdf9f9c933db77800bb5ef38a0"[0m[0m
[WebServer] ]

[1A[2K    Published shipping: Worldwide Standard

[1A[2K    Published shipping: Digital Delivery

[1A[2K    Published shipping: Local Pickup - Bitcoin Store

[1A[2K    Published payment: LIGHTNING_NETWORK

[1A[2K    Published V4V shares (10% to community)

[1A[2K    Published product: Bitcoin Hardware Wallet

[1A[2K    Published product: Nostr T-Shirt

[1A[2K    Published product: Bitcoin E-Book

[1A[2K    Published product: Bitcoin Conference Ticket

[1A[2K  Seeding: marketplace (second merchant)

[1A[2K    Published shipping: Express Shipping

[1A[2K    Published shipping: Digital Delivery

[1A[2K    Published payment: LIGHTNING_NETWORK

[1A[2K    Published V4V shares (10% to community)

[1A[2K    Published product: Lightning Node Setup Guide

[1A[2K  3) [chromium] › e2e/tests/cart.spec.ts:291:2 › Cart - Multiple Merchants › removing all items from one seller keeps other seller items 

    Error: [2mexpect([22m[31mlocator[39m[2m).[22mtoHaveCount[2m([22m[32mexpected[39m[2m)[22m failed

    Locator:  getByRole('dialog', { name: /your cart/i }).locator('[data-slot="select-trigger"]:visible')
    Expected: [32m1[39m
    Received: [31m0[39m
    Timeout:  10000ms

    Call log:
    [2m  - Expect "toHaveCount" with timeout 10000ms[22m
    [2m  - waiting for getByRole('dialog', { name: /your cart/i }).locator('[data-slot="select-trigger"]:visible')[22m
    [2m    23 × locator resolved to 0 elements[22m
    [2m       - unexpected value "0"[22m


      313 | 		// don't get mistaken for an active seller section.
      314 | 		const shippingSelectors = dialog.locator('[data-slot="select-trigger"]:visible')
    > 315 | 		await expect(shippingSelectors).toHaveCount(1, { timeout: 10_000 })
          | 		                                ^
      316 | 	})
      317 | })
      318 |
        at /home/c03rad0r/market/e2e/tests/cart.spec.ts:315:35

    attachment #1: screenshot (image/png) ──────────────────────────────────────────────────────────
    test-results/cart-Cart---Multiple-Merch-42afa-er-keeps-other-seller-items-chromium/test-failed-1.png
    ────────────────────────────────────────────────────────────────────────────────────────────────

    Error Context: test-results/cart-Cart---Multiple-Merch-42afa-er-keeps-other-seller-items-chromium/error-context.md


[1A[2K[10/13] [chromium] › e2e/tests/cart.spec.ts:324:2 › Cart - Persistence › cart items persist after page reload
[1A[2K[chromium] › e2e/tests/cart.spec.ts:324:2 › Cart - Persistence › cart items persist after page reload
  Seeding: base (user profiles)

[1A[2K    Published profile: TestMerchant

[1A[2K    Published profile: TestBuyer

[1A[2K    Published profile: TestApp

[1A[2K    Published admin list with devUser1

[1A[2K  Seeding: merchant (shipping, payments, products)

[1A[2K[WebServer] Live admin list update received (created_at=1783161305)
[WebServer] Updated admin list with 2 admins: [ [0m[32m"ed29ae1859d35e17c8f9b9a1a21bd135881ddd2f8783466dd03723f439727035"[0m[0m[0m[2m,[0m
[WebServer]   [0m[32m"86a82cab18b293f53cbaaae8cdcbee3f7ec427fdf9f9c933db77800bb5ef38a0"[0m[0m
[WebServer] ]

[1A[2K    Published shipping: Worldwide Standard

[1A[2K    Published shipping: Digital Delivery

[1A[2K    Published shipping: Local Pickup - Bitcoin Store

[1A[2K    Published payment: LIGHTNING_NETWORK

[1A[2K    Published V4V shares (10% to community)

[1A[2K    Published product: Bitcoin Hardware Wallet

[1A[2K    Published product: Nostr T-Shirt

[1A[2K    Published product: Bitcoin E-Book

[1A[2K    Published product: Bitcoin Conference Ticket

[1A[2K  Seeding: marketplace (second merchant)

[1A[2K    Published shipping: Express Shipping

[1A[2K    Published shipping: Digital Delivery

[1A[2K    Published payment: LIGHTNING_NETWORK

[1A[2K    Published V4V shares (10% to community)

[1A[2K    Published product: Lightning Node Setup Guide

[1A[2K  4) [chromium] › e2e/tests/cart.spec.ts:324:2 › Cart - Persistence › cart items persist after page reload 

    Error: [2mexpect([22m[31mlocator[39m[2m).[22mtoBeVisible[2m([22m[2m)[22m failed

    Locator: getByRole('dialog', { name: /your cart/i }).getByText('Lightning Node Setup Guide')
    Expected: visible
    Timeout: 5000ms
    Error: element(s) not found

    Call log:
    [2m  - Expect "toBeVisible" with timeout 5000ms[22m
    [2m  - waiting for getByRole('dialog', { name: /your cart/i }).getByText('Lightning Node Setup Guide')[22m


      340 | 		const dialog = cartDialog(newUserPage)
      341 | 		await expect(dialog.getByText('Bitcoin Hardware Wallet')).toBeVisible({ timeout: 10_000 })
    > 342 | 		await expect(dialog.getByText('Lightning Node Setup Guide')).toBeVisible()
          | 		                                                             ^
      343 | 	})
      344 |
      345 | 	test('cart quantity persists after page reload', async ({ newUserPage }) => {
        at /home/c03rad0r/market/e2e/tests/cart.spec.ts:342:64

    attachment #1: screenshot (image/png) ──────────────────────────────────────────────────────────
    test-results/cart-Cart---Persistence-cart-items-persist-after-page-reload-chromium/test-failed-1.png
    ────────────────────────────────────────────────────────────────────────────────────────────────

    Error Context: test-results/cart-Cart---Persistence-cart-items-persist-after-page-reload-chromium/error-context.md


[1A[2K[11/13] [chromium] › e2e/tests/cart.spec.ts:345:2 › Cart - Persistence › cart quantity persists after page reload
[1A[2K[chromium] › e2e/tests/cart.spec.ts:345:2 › Cart - Persistence › cart quantity persists after page reload
  Seeding: base (user profiles)

[1A[2K    Published profile: TestMerchant

[1A[2K    Published profile: TestBuyer

[1A[2K    Published profile: TestApp

[1A[2K    Published admin list with devUser1

[1A[2K  Seeding: merchant (shipping, payments, products)

[1A[2K[WebServer] Live admin list update received (created_at=1783161322)

[1A[2K[WebServer] Updated admin list with 2 admins: [ [0m[32m"ed29ae1859d35e17c8f9b9a1a21bd135881ddd2f8783466dd03723f439727035"[0m[0m[0m[2m,[0m
[WebServer]   [0m[32m"86a82cab18b293f53cbaaae8cdcbee3f7ec427fdf9f9c933db77800bb5ef38a0"[0m[0m
[WebServer] ]

[1A[2K    Published shipping: Worldwide Standard

[1A[2K    Published shipping: Digital Delivery

[1A[2K    Published shipping: Local Pickup - Bitcoin Store

[1A[2K    Published payment: LIGHTNING_NETWORK

[1A[2K    Published V4V shares (10% to community)

[1A[2K    Published product: Bitcoin Hardware Wallet

[1A[2K    Published product: Nostr T-Shirt

[1A[2K    Published product: Bitcoin E-Book

[1A[2K    Published product: Bitcoin Conference Ticket

[1A[2K  Seeding: marketplace (second merchant)

[1A[2K    Published shipping: Express Shipping

[1A[2K    Published shipping: Digital Delivery

[1A[2K    Published payment: LIGHTNING_NETWORK

[1A[2K    Published V4V shares (10% to community)

[1A[2K    Published product: Lightning Node Setup Guide

[1A[2K[12/13] [chromium] › e2e/tests/cart.spec.ts:376:2 › Cart - Persistence › cart persists after navigating to another page and back
[1A[2K  5) [chromium] › e2e/tests/cart.spec.ts:376:2 › Cart - Persistence › cart persists after navigating to another page and back 

    Error: [2mexpect([22m[31mlocator[39m[2m).[22mtoBeVisible[2m([22m[2m)[22m failed

    Locator: getByRole('dialog', { name: /your cart/i }).getByText('Bitcoin Hardware Wallet')
    Expected: visible
    Timeout: 10000ms
    Error: element(s) not found

    Call log:
    [2m  - Expect "toBeVisible" with timeout 10000ms[22m
    [2m  - waiting for getByRole('dialog', { name: /your cart/i }).getByText('Bitcoin Hardware Wallet')[22m


      390 | 		await openCart(newUserPage)
      391 | 		const dialog = cartDialog(newUserPage)
    > 392 | 		await expect(dialog.getByText('Bitcoin Hardware Wallet')).toBeVisible({ timeout: 10_000 })
          | 		                                                          ^
      393 | 	})
      394 |
      395 | 	test('clearing cart removes all items after reload', async ({ buyerPage }) => {
        at /home/c03rad0r/market/e2e/tests/cart.spec.ts:392:61

    attachment #1: screenshot (image/png) ──────────────────────────────────────────────────────────
    test-results/cart-Cart---Persistence-ca-89926-ng-to-another-page-and-back-chromium/test-failed-1.png
    ────────────────────────────────────────────────────────────────────────────────────────────────

    Error Context: test-results/cart-Cart---Persistence-ca-89926-ng-to-another-page-and-back-chromium/error-context.md


[1A[2K[13/13] [chromium] › e2e/tests/cart.spec.ts:395:2 › Cart - Persistence › clearing cart removes all items after reload
[1A[2K[chromium] › e2e/tests/cart.spec.ts:395:2 › Cart - Persistence › clearing cart removes all items after reload
  Seeding: base (user profiles)

[1A[2K    Published profile: TestMerchant

[1A[2K    Published profile: TestBuyer

[1A[2K    Published profile: TestApp

[1A[2K    Published admin list with devUser1

[1A[2K  Seeding: merchant (shipping, payments, products)

[1A[2K[WebServer] Live admin list update received (created_at=1783161351)

[1A[2K[WebServer] Updated admin list with 2 admins: [ [0m[32m"ed29ae1859d35e17c8f9b9a1a21bd135881ddd2f8783466dd03723f439727035"[0m[0m[0m[2m,[0m
[WebServer]   [0m[32m"86a82cab18b293f53cbaaae8cdcbee3f7ec427fdf9f9c933db77800bb5ef38a0"[0m[0m
[WebServer] ]

[1A[2K    Published shipping: Worldwide Standard

[1A[2K    Published shipping: Digital Delivery

[1A[2K    Published shipping: Local Pickup - Bitcoin Store

[1A[2K    Published payment: LIGHTNING_NETWORK

[1A[2K    Published V4V shares (10% to community)

[1A[2K    Published product: Bitcoin Hardware Wallet

[1A[2K    Published product: Nostr T-Shirt

[1A[2K    Published product: Bitcoin E-Book

[1A[2K    Published product: Bitcoin Conference Ticket

[1A[2K  Seeding: marketplace (second merchant)

[1A[2K    Published shipping: Express Shipping

[1A[2K    Published shipping: Digital Delivery

[1A[2K    Published payment: LIGHTNING_NETWORK

[1A[2K    Published V4V shares (10% to community)

[1A[2K    Published product: Lightning Node Setup Guide


--- E2E Global Teardown ---
  Cleanup complete
[1A[2K  5 failed
    [chromium] › e2e/tests/cart.spec.ts:251:2 › Cart - Multiple Merchants › products from different sellers are grouped separately 
    [chromium] › e2e/tests/cart.spec.ts:271:2 › Cart - Multiple Merchants › can add multiple products from same seller 
    [chromium] › e2e/tests/cart.spec.ts:291:2 › Cart - Multiple Merchants › removing all items from one seller keeps other seller items 
    [chromium] › e2e/tests/cart.spec.ts:324:2 › Cart - Persistence › cart items persist after page reload 
    [chromium] › e2e/tests/cart.spec.ts:376:2 › Cart - Persistence › cart persists after navigating to another page and back 
  8 passed (2.8m)
  [  6/30] cart                         [ndk]       run 1/5  FAIL  173s
[1A[2K[WebServer] 
[WebServer] --- Seeding relay for e2e tests ---
[WebServer]   App pubkey: ed29ae1859d35e17...

[1A[2K[WebServer]   Published app settings (Kind 31990)

[1A[2K[WebServer]   Published admin list (Kind 30000)

[1A[2K[WebServer]   Published relay list (Kind 10002)

[1A[2K[WebServer] --- Relay seeding complete ---
[WebServer] 

[1A[2K[WebServer] [0m[2m[35m$[0m [2m[1mbun --hot src/index.tsx --host 0.0.0.0[0m

[1A[2K[WebServer] Fetching app settings from relay: ws://localhost:10547 for pubkey: ed29ae1859d35e17c8f9b9a1a21bd135881ddd2f8783466dd03723f439727035

[1A[2K[WebServer] Bootstrap manager initialized in bootstrap mode

[1A[2K[WebServer] Bootstrap manager initialized in bootstrap mode

[1A[2K[WebServer] App port: 34567

[1A[2K[WebServer] 🚀 Server running at http://localhost:34567/

[1A[2K[WebServer] NDK service connected to relay: ws://localhost:10547

[1A[2K[WebServer] Found existing admin list, updating internal list

[1A[2K[WebServer] Updated admin list with 2 admins: [ [0m[32m"ed29ae1859d35e17c8f9b9a1a21bd135881ddd2f8783466dd03723f439727035"[0m[0m[0m[2m,[0m
[WebServer]   [0m[32m"86a82cab18b293f53cbaaae8cdcbee3f7ec427fdf9f9c933db77800bb5ef38a0"[0m[0m
[WebServer] ]

[1A[2K[WebServer] Found existing setup event

[1A[2K[WebServer] Fetching with filter: {"kinds":[31990],"authors":["ed29ae1859d35e17c8f9b9a1a21bd135881ddd2f8783466dd03723f439727035"],"#d":["plebeian-market-handler"],"limit":1}

[1A[2K[WebServer] Fetch returned 1 events
[WebServer] Found 1 app settings events

[1A[2K[WebServer] App settings loaded successfully


--- E2E Global Setup ---
  App pubkey: ed29ae1859d35e17...
  Server health: OK (app settings loaded)
--- Global Setup Complete ---

[1A[2K[WebServer] [vanity-urls] No existing registry found

[1A[2K[WebServer] [nip05-names] No existing registry found
[WebServer] Subscribed to zap purchase receipts (App relay)
[WebServer] Connecting to zap relays: ws://localhost:10547, wss://relay.damus.io, wss://nos.lol, wss://relay.nostr.net, wss://relay.minibits.cash, wss://relay.coinos.io, wss://nwc.primal.net, wss://relay.primal.net


Running 13 tests using 1 worker

[1A[2K[1/13] [chromium] › e2e/tests/cart.spec.ts:99:2 › Cart - Remove Items › can remove a single item from cart
[1A[2K[WebServer] Marking event handler ready after initial delay (core components ready)

[1A[2K[chromium] › e2e/tests/cart.spec.ts:99:2 › Cart - Remove Items › can remove a single item from cart
  Seeding: base (user profiles)

[1A[2K    Published profile: TestMerchant

[1A[2K    Published profile: TestBuyer

[1A[2K    Published profile: TestApp

[1A[2K    Published admin list with devUser1

[1A[2K  Seeding: merchant (shipping, payments, products)

[1A[2K[WebServer] Live admin list update received (created_at=1783161371)
[WebServer] Updated admin list with 2 admins: [ [0m[32m"ed29ae1859d35e17c8f9b9a1a21bd135881ddd2f8783466dd03723f439727035"[0m[0m[0m[2m,[0m
[WebServer]   [0m[32m"86a82cab18b293f53cbaaae8cdcbee3f7ec427fdf9f9c933db77800bb5ef38a0"[0m[0m
[WebServer] ]

[1A[2K    Published shipping: Worldwide Standard

[1A[2K    Published shipping: Digital Delivery

[1A[2K    Published shipping: Local Pickup - Bitcoin Store

[1A[2K    Published payment: LIGHTNING_NETWORK

[1A[2K    Published V4V shares (10% to community)

[1A[2K    Published product: Bitcoin Hardware Wallet

[1A[2K    Published product: Nostr T-Shirt

[1A[2K    Published product: Bitcoin E-Book

[1A[2K    Published product: Bitcoin Conference Ticket

[1A[2K  Seeding: marketplace (second merchant)

[1A[2K    Published shipping: Express Shipping

[1A[2K    Published shipping: Digital Delivery

[1A[2K    Published payment: LIGHTNING_NETWORK

[1A[2K    Published V4V shares (10% to community)

[1A[2K    Published product: Lightning Node Setup Guide

[1A[2K[WebServer] [32mBundled page in 2984ms[0m[2m:[0m src/index.html

[1A[2K[2/13] [chromium] › e2e/tests/cart.spec.ts:118:2 › Cart - Remove Items › removing one item from multi-item cart keeps others
[1A[2K[WebServer] ⚠️ Failed to connect zap relay NDK; zap purchase receipts may not be processed: [0m[33mwarn[0m[2m:[0m [1mZap relay connection timeout[0m
[WebServer] [0m      [2mat [0m[0m[2m<anonymous>[0m[2m ([0m[0m[36m[2m/home/c03rad0r/market/[0m[36msrc/server/EventHandler.ts[0m[2m:[0m[33m136[0m[2m:[33m61[0m[2m)[0m
[WebServer] 

[1A[2K[WebServer] Subscribed to zap purchase receipts (Zap relays (partial))
[WebServer] EventHandler initialized successfully
[WebServer] ✅ EventHandler initialized successfully

[1A[2K[3/13] [chromium] › e2e/tests/cart.spec.ts:153:2 › Cart - Change Quantity › can increment product quantity using the plus button
[1A[2K[4/13] [chromium] › e2e/tests/cart.spec.ts:174:2 › Cart - Change Quantity › can decrement product quantity using the minus button
[1A[2K[5/13] [chromium] › e2e/tests/cart.spec.ts:200:2 › Cart - Change Quantity › decrement button is disabled at quantity 1
[1A[2K[6/13] [chromium] › e2e/tests/cart.spec.ts:214:2 › Cart - Change Quantity › can add same product multiple times from product listing
[1A[2K[7/13] [chromium] › e2e/tests/cart.spec.ts:251:2 › Cart - Multiple Merchants › products from different sellers are grouped separately
[1A[2K  1) [chromium] › e2e/tests/cart.spec.ts:251:2 › Cart - Multiple Merchants › products from different sellers are grouped separately 

    Error: [2mexpect([22m[31mlocator[39m[2m).[22mtoHaveCount[2m([22m[32mexpected[39m[2m)[22m failed

    Locator:  getByRole('dialog', { name: /your cart/i }).getByText('Select shipping method')
    Expected: [32m2[39m
    Received: [31m0[39m
    Timeout:  10000ms

    Call log:
    [2m  - Expect "toHaveCount" with timeout 10000ms[22m
    [2m  - waiting for getByRole('dialog', { name: /your cart/i }).getByText('Select shipping method')[22m
    [2m    24 × locator resolved to 0 elements[22m
    [2m       - unexpected value "0"[22m


      266 | 		// so there should be 2 "Select shipping method" triggers
      267 | 		const shippingTriggers = dialog.getByText('Select shipping method')
    > 268 | 		await expect(shippingTriggers).toHaveCount(2, { timeout: 10_000 })
          | 		                               ^
      269 | 	})
      270 |
      271 | 	test('can add multiple products from same seller', async ({ newUserPage }) => {
        at /home/c03rad0r/market/e2e/tests/cart.spec.ts:268:34

    attachment #1: screenshot (image/png) ──────────────────────────────────────────────────────────
    test-results/cart-Cart---Multiple-Merch-8aa0d-lers-are-grouped-separately-chromium/test-failed-1.png
    ────────────────────────────────────────────────────────────────────────────────────────────────

    Error Context: test-results/cart-Cart---Multiple-Merch-8aa0d-lers-are-grouped-separately-chromium/error-context.md


[1A[2K[8/13] [chromium] › e2e/tests/cart.spec.ts:271:2 › Cart - Multiple Merchants › can add multiple products from same seller
[1A[2K[chromium] › e2e/tests/cart.spec.ts:271:2 › Cart - Multiple Merchants › can add multiple products from same seller
  Seeding: base (user profiles)

[1A[2K    Published profile: TestMerchant

[1A[2K    Published profile: TestBuyer

[1A[2K    Published profile: TestApp

[1A[2K    Published admin list with devUser1

[1A[2K  Seeding: merchant (shipping, payments, products)

[1A[2K[WebServer] Live admin list update received (created_at=1783161445)
[WebServer] Updated admin list with 2 admins: [ [0m[32m"ed29ae1859d35e17c8f9b9a1a21bd135881ddd2f8783466dd03723f439727035"[0m[0m[0m[2m,[0m
[WebServer]   [0m[32m"86a82cab18b293f53cbaaae8cdcbee3f7ec427fdf9f9c933db77800bb5ef38a0"[0m[0m
[WebServer] ]

[1A[2K    Published shipping: Worldwide Standard

[1A[2K    Published shipping: Digital Delivery

[1A[2K    Published shipping: Local Pickup - Bitcoin Store

[1A[2K    Published payment: LIGHTNING_NETWORK

[1A[2K    Published V4V shares (10% to community)

[1A[2K    Published product: Bitcoin Hardware Wallet

[1A[2K    Published product: Nostr T-Shirt

[1A[2K    Published product: Bitcoin E-Book

[1A[2K    Published product: Bitcoin Conference Ticket

[1A[2K  Seeding: marketplace (second merchant)

[1A[2K    Published shipping: Express Shipping

[1A[2K    Published shipping: Digital Delivery

[1A[2K    Published payment: LIGHTNING_NETWORK

[1A[2K    Published V4V shares (10% to community)

[1A[2K    Published product: Lightning Node Setup Guide

[1A[2K  2) [chromium] › e2e/tests/cart.spec.ts:271:2 › Cart - Multiple Merchants › can add multiple products from same seller 

    Error: [2mexpect([22m[31mlocator[39m[2m).[22mtoHaveCount[2m([22m[32mexpected[39m[2m)[22m failed

    Locator:  getByRole('dialog', { name: /your cart/i }).getByText('Select shipping method')
    Expected: [32m1[39m
    Received: [31m0[39m
    Timeout:  10000ms

    Call log:
    [2m  - Expect "toHaveCount" with timeout 10000ms[22m
    [2m  - waiting for getByRole('dialog', { name: /your cart/i }).getByText('Select shipping method')[22m
    [2m    23 × locator resolved to 0 elements[22m
    [2m       - unexpected value "0"[22m


      286 | 		// They're grouped under the same seller, so only 1 shipping selector
      287 | 		const shippingTriggers = dialog.getByText('Select shipping method')
    > 288 | 		await expect(shippingTriggers).toHaveCount(1, { timeout: 10_000 })
          | 		                               ^
      289 | 	})
      290 |
      291 | 	test('removing all items from one seller keeps other seller items', async ({ newUserPage }) => {
        at /home/c03rad0r/market/e2e/tests/cart.spec.ts:288:34

    attachment #1: screenshot (image/png) ──────────────────────────────────────────────────────────
    test-results/cart-Cart---Multiple-Merch-3f604-e-products-from-same-seller-chromium/test-failed-1.png
    ────────────────────────────────────────────────────────────────────────────────────────────────

    Error Context: test-results/cart-Cart---Multiple-Merch-3f604-e-products-from-same-seller-chromium/error-context.md


[1A[2K[9/13] [chromium] › e2e/tests/cart.spec.ts:291:2 › Cart - Multiple Merchants › removing all items from one seller keeps other seller items
[1A[2K[chromium] › e2e/tests/cart.spec.ts:291:2 › Cart - Multiple Merchants › removing all items from one seller keeps other seller items
  Seeding: base (user profiles)

[1A[2K    Published profile: TestMerchant

[1A[2K    Published profile: TestBuyer

[1A[2K    Published profile: TestApp

[1A[2K    Published admin list with devUser1

[1A[2K  Seeding: merchant (shipping, payments, products)

[1A[2K[WebServer] Live admin list update received (created_at=1783161464)
[WebServer] Updated admin list with 2 admins: [ [0m[32m"ed29ae1859d35e17c8f9b9a1a21bd135881ddd2f8783466dd03723f439727035"[0m[0m[0m[2m,[0m
[WebServer]   [0m[32m"86a82cab18b293f53cbaaae8cdcbee3f7ec427fdf9f9c933db77800bb5ef38a0"[0m[0m
[WebServer] ]

[1A[2K    Published shipping: Worldwide Standard

[1A[2K    Published shipping: Digital Delivery

[1A[2K    Published shipping: Local Pickup - Bitcoin Store

[1A[2K    Published payment: LIGHTNING_NETWORK

[1A[2K    Published V4V shares (10% to community)

[1A[2K    Published product: Bitcoin Hardware Wallet

[1A[2K    Published product: Nostr T-Shirt

[1A[2K    Published product: Bitcoin E-Book

[1A[2K    Published product: Bitcoin Conference Ticket

[1A[2K  Seeding: marketplace (second merchant)

[1A[2K    Published shipping: Express Shipping

[1A[2K    Published shipping: Digital Delivery

[1A[2K    Published payment: LIGHTNING_NETWORK

[1A[2K    Published V4V shares (10% to community)

[1A[2K    Published product: Lightning Node Setup Guide

[1A[2K  3) [chromium] › e2e/tests/cart.spec.ts:291:2 › Cart - Multiple Merchants › removing all items from one seller keeps other seller items 

    Error: [2mexpect([22m[31mlocator[39m[2m).[22mtoHaveCount[2m([22m[32mexpected[39m[2m)[22m failed

    Locator:  getByRole('dialog', { name: /your cart/i }).locator('[data-slot="select-trigger"]:visible')
    Expected: [32m1[39m
    Received: [31m0[39m
    Timeout:  10000ms

    Call log:
    [2m  - Expect "toHaveCount" with timeout 10000ms[22m
    [2m  - waiting for getByRole('dialog', { name: /your cart/i }).locator('[data-slot="select-trigger"]:visible')[22m
    [2m    24 × locator resolved to 0 elements[22m
    [2m       - unexpected value "0"[22m


      313 | 		// don't get mistaken for an active seller section.
      314 | 		const shippingSelectors = dialog.locator('[data-slot="select-trigger"]:visible')
    > 315 | 		await expect(shippingSelectors).toHaveCount(1, { timeout: 10_000 })
          | 		                                ^
      316 | 	})
      317 | })
      318 |
        at /home/c03rad0r/market/e2e/tests/cart.spec.ts:315:35

    attachment #1: screenshot (image/png) ──────────────────────────────────────────────────────────
    test-results/cart-Cart---Multiple-Merch-42afa-er-keeps-other-seller-items-chromium/test-failed-1.png
    ────────────────────────────────────────────────────────────────────────────────────────────────

    Error Context: test-results/cart-Cart---Multiple-Merch-42afa-er-keeps-other-seller-items-chromium/error-context.md


[1A[2K[10/13] [chromium] › e2e/tests/cart.spec.ts:324:2 › Cart - Persistence › cart items persist after page reload
[1A[2K[chromium] › e2e/tests/cart.spec.ts:324:2 › Cart - Persistence › cart items persist after page reload
  Seeding: base (user profiles)

[1A[2K    Published profile: TestMerchant

[1A[2K    Published profile: TestBuyer

[1A[2K    Published profile: TestApp

[1A[2K    Published admin list with devUser1

[1A[2K  Seeding: merchant (shipping, payments, products)

[1A[2K[WebServer] Live admin list update received (created_at=1783161486)

[1A[2K[WebServer] Updated admin list with 2 admins: [ [0m[32m"ed29ae1859d35e17c8f9b9a1a21bd135881ddd2f8783466dd03723f439727035"[0m[0m[0m[2m,[0m
[WebServer]   [0m[32m"86a82cab18b293f53cbaaae8cdcbee3f7ec427fdf9f9c933db77800bb5ef38a0"[0m[0m
[WebServer] ]

[1A[2K    Published shipping: Worldwide Standard

[1A[2K    Published shipping: Digital Delivery

[1A[2K    Published shipping: Local Pickup - Bitcoin Store

[1A[2K    Published payment: LIGHTNING_NETWORK

[1A[2K    Published V4V shares (10% to community)

[1A[2K    Published product: Bitcoin Hardware Wallet

[1A[2K    Published product: Nostr T-Shirt

[1A[2K    Published product: Bitcoin E-Book

[1A[2K    Published product: Bitcoin Conference Ticket

[1A[2K  Seeding: marketplace (second merchant)

[1A[2K    Published shipping: Express Shipping

[1A[2K    Published shipping: Digital Delivery

[1A[2K    Published payment: LIGHTNING_NETWORK

[1A[2K    Published V4V shares (10% to community)

[1A[2K    Published product: Lightning Node Setup Guide

[1A[2K  4) [chromium] › e2e/tests/cart.spec.ts:324:2 › Cart - Persistence › cart items persist after page reload 

    Error: [2mexpect([22m[31mlocator[39m[2m).[22mtoBeVisible[2m([22m[2m)[22m failed

    Locator: getByRole('dialog', { name: /your cart/i }).getByText('Lightning Node Setup Guide')
    Expected: visible
    Timeout: 5000ms
    Error: element(s) not found

    Call log:
    [2m  - Expect "toBeVisible" with timeout 5000ms[22m
    [2m  - waiting for getByRole('dialog', { name: /your cart/i }).getByText('Lightning Node Setup Guide')[22m


      340 | 		const dialog = cartDialog(newUserPage)
      341 | 		await expect(dialog.getByText('Bitcoin Hardware Wallet')).toBeVisible({ timeout: 10_000 })
    > 342 | 		await expect(dialog.getByText('Lightning Node Setup Guide')).toBeVisible()
          | 		                                                             ^
      343 | 	})
      344 |
      345 | 	test('cart quantity persists after page reload', async ({ newUserPage }) => {
        at /home/c03rad0r/market/e2e/tests/cart.spec.ts:342:64

    attachment #1: screenshot (image/png) ──────────────────────────────────────────────────────────
    test-results/cart-Cart---Persistence-cart-items-persist-after-page-reload-chromium/test-failed-1.png
    ────────────────────────────────────────────────────────────────────────────────────────────────

    Error Context: test-results/cart-Cart---Persistence-cart-items-persist-after-page-reload-chromium/error-context.md


[1A[2K[11/13] [chromium] › e2e/tests/cart.spec.ts:345:2 › Cart - Persistence › cart quantity persists after page reload
[1A[2K[chromium] › e2e/tests/cart.spec.ts:345:2 › Cart - Persistence › cart quantity persists after page reload
  Seeding: base (user profiles)

[1A[2K    Published profile: TestMerchant

[1A[2K    Published profile: TestBuyer

[1A[2K    Published profile: TestApp

[1A[2K    Published admin list with devUser1

[1A[2K  Seeding: merchant (shipping, payments, products)

[1A[2K[WebServer] Live admin list update received (created_at=1783161505)
[WebServer] Updated admin list with 2 admins: [ [0m[32m"ed29ae1859d35e17c8f9b9a1a21bd135881ddd2f8783466dd03723f439727035"[0m[0m[0m[2m,[0m
[WebServer]   [0m[32m"86a82cab18b293f53cbaaae8cdcbee3f7ec427fdf9f9c933db77800bb5ef38a0"[0m[0m
[WebServer] ]

[1A[2K    Published shipping: Worldwide Standard

[1A[2K    Published shipping: Digital Delivery

[1A[2K    Published shipping: Local Pickup - Bitcoin Store

[1A[2K    Published payment: LIGHTNING_NETWORK

[1A[2K    Published V4V shares (10% to community)

[1A[2K    Published product: Bitcoin Hardware Wallet

[1A[2K    Published product: Nostr T-Shirt

[1A[2K    Published product: Bitcoin E-Book

[1A[2K    Published product: Bitcoin Conference Ticket

[1A[2K  Seeding: marketplace (second merchant)

[1A[2K    Published shipping: Express Shipping

[1A[2K    Published shipping: Digital Delivery

[1A[2K    Published payment: LIGHTNING_NETWORK

[1A[2K    Published V4V shares (10% to community)

[1A[2K    Published product: Lightning Node Setup Guide

[1A[2K[12/13] [chromium] › e2e/tests/cart.spec.ts:376:2 › Cart - Persistence › cart persists after navigating to another page and back
[1A[2K  5) [chromium] › e2e/tests/cart.spec.ts:376:2 › Cart - Persistence › cart persists after navigating to another page and back 

    Error: [2mexpect([22m[31mlocator[39m[2m).[22mtoBeVisible[2m([22m[2m)[22m failed

    Locator: getByRole('dialog', { name: /your cart/i }).getByText('Bitcoin Hardware Wallet')
    Expected: visible
    Timeout: 10000ms
    Error: element(s) not found

    Call log:
    [2m  - Expect "toBeVisible" with timeout 10000ms[22m
    [2m  - waiting for getByRole('dialog', { name: /your cart/i }).getByText('Bitcoin Hardware Wallet')[22m


      390 | 		await openCart(newUserPage)
      391 | 		const dialog = cartDialog(newUserPage)
    > 392 | 		await expect(dialog.getByText('Bitcoin Hardware Wallet')).toBeVisible({ timeout: 10_000 })
          | 		                                                          ^
      393 | 	})
      394 |
      395 | 	test('clearing cart removes all items after reload', async ({ buyerPage }) => {
        at /home/c03rad0r/market/e2e/tests/cart.spec.ts:392:61

    attachment #1: screenshot (image/png) ──────────────────────────────────────────────────────────
    test-results/cart-Cart---Persistence-ca-89926-ng-to-another-page-and-back-chromium/test-failed-1.png
    ────────────────────────────────────────────────────────────────────────────────────────────────

    Error Context: test-results/cart-Cart---Persistence-ca-89926-ng-to-another-page-and-back-chromium/error-context.md


[1A[2K[13/13] [chromium] › e2e/tests/cart.spec.ts:395:2 › Cart - Persistence › clearing cart removes all items after reload
[1A[2K[chromium] › e2e/tests/cart.spec.ts:395:2 › Cart - Persistence › clearing cart removes all items after reload
  Seeding: base (user profiles)

[1A[2K    Published profile: TestMerchant

[1A[2K    Published profile: TestBuyer

[1A[2K    Published profile: TestApp

[1A[2K    Published admin list with devUser1

[1A[2K  Seeding: merchant (shipping, payments, products)

[1A[2K[WebServer] Live admin list update received (created_at=1783161536)

[1A[2K[WebServer] Updated admin list with 2 admins: [ [0m[32m"ed29ae1859d35e17c8f9b9a1a21bd135881ddd2f8783466dd03723f439727035"[0m[0m[0m[2m,[0m
[WebServer]   [0m[32m"86a82cab18b293f53cbaaae8cdcbee3f7ec427fdf9f9c933db77800bb5ef38a0"[0m[0m
[WebServer] ]

[1A[2K    Published shipping: Worldwide Standard

[1A[2K    Published shipping: Digital Delivery

[1A[2K    Published shipping: Local Pickup - Bitcoin Store

[1A[2K    Published payment: LIGHTNING_NETWORK

[1A[2K    Published V4V shares (10% to community)

[1A[2K    Published product: Bitcoin Hardware Wallet

[1A[2K    Published product: Nostr T-Shirt

[1A[2K    Published product: Bitcoin E-Book

[1A[2K    Published product: Bitcoin Conference Ticket

[1A[2K  Seeding: marketplace (second merchant)

[1A[2K    Published shipping: Express Shipping

[1A[2K    Published shipping: Digital Delivery

[1A[2K    Published payment: LIGHTNING_NETWORK

[1A[2K    Published V4V shares (10% to community)

[1A[2K    Published product: Lightning Node Setup Guide


--- E2E Global Teardown ---
  Cleanup complete
[1A[2K  5 failed
    [chromium] › e2e/tests/cart.spec.ts:251:2 › Cart - Multiple Merchants › products from different sellers are grouped separately 
    [chromium] › e2e/tests/cart.spec.ts:271:2 › Cart - Multiple Merchants › can add multiple products from same seller 
    [chromium] › e2e/tests/cart.spec.ts:291:2 › Cart - Multiple Merchants › removing all items from one seller keeps other seller items 
    [chromium] › e2e/tests/cart.spec.ts:324:2 › Cart - Persistence › cart items persist after page reload 
    [chromium] › e2e/tests/cart.spec.ts:376:2 › Cart - Persistence › cart persists after navigating to another page and back 
  8 passed (3.0m)
  [  7/30] cart                         [ndk]       run 2/5  FAIL  183s
[1A[2K[WebServer] 
[WebServer] --- Seeding relay for e2e tests ---
[WebServer]   App pubkey: ed29ae1859d35e17...

[1A[2K[WebServer]   Published app settings (Kind 31990)

[1A[2K[WebServer]   Published admin list (Kind 30000)

[1A[2K[WebServer]   Published relay list (Kind 10002)

[1A[2K[WebServer] --- Relay seeding complete ---
[WebServer] 

[1A[2K[WebServer] [0m[2m[35m$[0m [2m[1mbun --hot src/index.tsx --host 0.0.0.0[0m

[1A[2K[WebServer] Fetching app settings from relay: ws://localhost:10547 for pubkey: ed29ae1859d35e17c8f9b9a1a21bd135881ddd2f8783466dd03723f439727035

[1A[2K[WebServer] Bootstrap manager initialized in bootstrap mode
[WebServer] Bootstrap manager initialized in bootstrap mode

[1A[2K[WebServer] App port: 34567

[1A[2K[WebServer] 🚀 Server running at http://localhost:34567/

[1A[2K[WebServer] NDK service connected to relay: ws://localhost:10547

[1A[2K[WebServer] Fetching with filter: {"kinds":[31990],"authors":["ed29ae1859d35e17c8f9b9a1a21bd135881ddd2f8783466dd03723f439727035"],"#d":["plebeian-market-handler"],"limit":1}

[1A[2K[WebServer] Found existing admin list, updating internal list

[1A[2K[WebServer] Updated admin list with 2 admins: [ [0m[32m"ed29ae1859d35e17c8f9b9a1a21bd135881ddd2f8783466dd03723f439727035"[0m[0m[0m[2m,[0m
[WebServer]   [0m[32m"86a82cab18b293f53cbaaae8cdcbee3f7ec427fdf9f9c933db77800bb5ef38a0"[0m[0m
[WebServer] ]

[1A[2K[WebServer] Found existing setup event

[1A[2K[WebServer] Fetch returned 1 events
[WebServer] Found 1 app settings events

[1A[2K[WebServer] App settings loaded successfully


--- E2E Global Setup ---
  App pubkey: ed29ae1859d35e17...
  Server health: OK (app settings loaded)
--- Global Setup Complete ---

[1A[2K[WebServer] [vanity-urls] No existing registry found

[1A[2K[WebServer] [nip05-names] No existing registry found
[WebServer] Subscribed to zap purchase receipts (App relay)
[WebServer] Connecting to zap relays: ws://localhost:10547, wss://relay.damus.io, wss://nos.lol, wss://relay.nostr.net, wss://relay.minibits.cash, wss://relay.coinos.io, wss://nwc.primal.net, wss://relay.primal.net


Running 13 tests using 1 worker

[1A[2K[WebServer] Marking event handler ready after initial delay (core components ready)

[1A[2K[1/13] [chromium] › e2e/tests/cart.spec.ts:99:2 › Cart - Remove Items › can remove a single item from cart
[1A[2K[chromium] › e2e/tests/cart.spec.ts:99:2 › Cart - Remove Items › can remove a single item from cart
  Seeding: base (user profiles)

[1A[2K    Published profile: TestMerchant

[1A[2K    Published profile: TestBuyer

[1A[2K    Published profile: TestApp

[1A[2K    Published admin list with devUser1

[1A[2K  Seeding: merchant (shipping, payments, products)

[1A[2K    Published shipping: Worldwide Standard

[1A[2K[WebServer] Live admin list update received (created_at=1783161558)
[WebServer] Updated admin list with 2 admins: [ [0m[32m"ed29ae1859d35e17c8f9b9a1a21bd135881ddd2f8783466dd03723f439727035"[0m[0m[0m[2m,[0m
[WebServer]   [0m[32m"86a82cab18b293f53cbaaae8cdcbee3f7ec427fdf9f9c933db77800bb5ef38a0"[0m[0m
[WebServer] ]

[1A[2K    Published shipping: Digital Delivery

[1A[2K    Published shipping: Local Pickup - Bitcoin Store

[1A[2K    Published payment: LIGHTNING_NETWORK

[1A[2K    Published V4V shares (10% to community)

[1A[2K    Published product: Bitcoin Hardware Wallet

[1A[2K    Published product: Nostr T-Shirt

[1A[2K    Published product: Bitcoin E-Book

[1A[2K    Published product: Bitcoin Conference Ticket

[1A[2K  Seeding: marketplace (second merchant)

[1A[2K    Published shipping: Express Shipping

[1A[2K    Published shipping: Digital Delivery

[1A[2K    Published payment: LIGHTNING_NETWORK

[1A[2K    Published V4V shares (10% to community)

[1A[2K    Published product: Lightning Node Setup Guide

[1A[2K[WebServer] [32mBundled page in 5250ms[0m[2m:[0m src/index.html

[1A[2K[WebServer] ⚠️ Failed to connect zap relay NDK; zap purchase receipts may not be processed: [0m[33mwarn[0m[2m:[0m [1mZap relay connection timeout[0m
[WebServer] [0m      [2mat [0m[0m[2m<anonymous>[0m[2m ([0m[0m[36m[2m/home/c03rad0r/market/[0m[36msrc/server/EventHandler.ts[0m[2m:[0m[33m136[0m[2m:[33m61[0m[2m)[0m
[WebServer] 

[1A[2K[WebServer] Subscribed to zap purchase receipts (Zap relays (partial))
[WebServer] EventHandler initialized successfully
[WebServer] ✅ EventHandler initialized successfully

[1A[2K[2/13] [chromium] › e2e/tests/cart.spec.ts:118:2 › Cart - Remove Items › removing one item from multi-item cart keeps others
[1A[2K[3/13] [chromium] › e2e/tests/cart.spec.ts:153:2 › Cart - Change Quantity › can increment product quantity using the plus button
[1A[2K[4/13] [chromium] › e2e/tests/cart.spec.ts:174:2 › Cart - Change Quantity › can decrement product quantity using the minus button
[1A[2K[5/13] [chromium] › e2e/tests/cart.spec.ts:200:2 › Cart - Change Quantity › decrement button is disabled at quantity 1
[1A[2K[6/13] [chromium] › e2e/tests/cart.spec.ts:214:2 › Cart - Change Quantity › can add same product multiple times from product listing
[1A[2K[7/13] [chromium] › e2e/tests/cart.spec.ts:251:2 › Cart - Multiple Merchants › products from different sellers are grouped separately
[1A[2K  1) [chromium] › e2e/tests/cart.spec.ts:251:2 › Cart - Multiple Merchants › products from different sellers are grouped separately 

    Error: [2mexpect([22m[31mlocator[39m[2m).[22mtoHaveCount[2m([22m[32mexpected[39m[2m)[22m failed

    Locator:  getByRole('dialog', { name: /your cart/i }).getByText('Select shipping method')
    Expected: [32m2[39m
    Received: [31m0[39m
    Timeout:  10000ms

    Call log:
    [2m  - Expect "toHaveCount" with timeout 10000ms[22m
    [2m  - waiting for getByRole('dialog', { name: /your cart/i }).getByText('Select shipping method')[22m
    [2m    23 × locator resolved to 0 elements[22m
    [2m       - unexpected value "0"[22m


      266 | 		// so there should be 2 "Select shipping method" triggers
      267 | 		const shippingTriggers = dialog.getByText('Select shipping method')
    > 268 | 		await expect(shippingTriggers).toHaveCount(2, { timeout: 10_000 })
          | 		                               ^
      269 | 	})
      270 |
      271 | 	test('can add multiple products from same seller', async ({ newUserPage }) => {
        at /home/c03rad0r/market/e2e/tests/cart.spec.ts:268:34

    attachment #1: screenshot (image/png) ──────────────────────────────────────────────────────────
    test-results/cart-Cart---Multiple-Merch-8aa0d-lers-are-grouped-separately-chromium/test-failed-1.png
    ────────────────────────────────────────────────────────────────────────────────────────────────

    Error Context: test-results/cart-Cart---Multiple-Merch-8aa0d-lers-are-grouped-separately-chromium/error-context.md


[1A[2K[8/13] [chromium] › e2e/tests/cart.spec.ts:271:2 › Cart - Multiple Merchants › can add multiple products from same seller
[1A[2K[chromium] › e2e/tests/cart.spec.ts:271:2 › Cart - Multiple Merchants › can add multiple products from same seller
  Seeding: base (user profiles)

[1A[2K    Published profile: TestMerchant

[1A[2K    Published profile: TestBuyer

[1A[2K    Published profile: TestApp

[1A[2K    Published admin list with devUser1

[1A[2K  Seeding: merchant (shipping, payments, products)

[1A[2K    Published shipping: Worldwide Standard

[1A[2K    Published shipping: Digital Delivery

[1A[2K    Published shipping: Local Pickup - Bitcoin Store

[1A[2K    Published payment: LIGHTNING_NETWORK

[1A[2K    Published V4V shares (10% to community)

[1A[2K[WebServer] Live admin list update received (created_at=1783161657)

[1A[2K[WebServer] Updated admin list with 2 admins: [ [0m[32m"ed29ae1859d35e17c8f9b9a1a21bd135881ddd2f8783466dd03723f439727035"[0m[0m[0m[2m,[0m
[WebServer]   [0m[32m"86a82cab18b293f53cbaaae8cdcbee3f7ec427fdf9f9c933db77800bb5ef38a0"[0m[0m
[WebServer] ]

[1A[2K    Published product: Bitcoin Hardware Wallet

[1A[2K    Published product: Nostr T-Shirt

[1A[2K    Published product: Bitcoin E-Book

[1A[2K    Published product: Bitcoin Conference Ticket

[1A[2K  Seeding: marketplace (second merchant)

[1A[2K    Published shipping: Express Shipping

[1A[2K    Published shipping: Digital Delivery

[1A[2K    Published payment: LIGHTNING_NETWORK

[1A[2K    Published V4V shares (10% to community)

[1A[2K    Published product: Lightning Node Setup Guide

[1A[2K  2) [chromium] › e2e/tests/cart.spec.ts:271:2 › Cart - Multiple Merchants › can add multiple products from same seller 

    Error: [2mexpect([22m[31mlocator[39m[2m).[22mtoHaveCount[2m([22m[32mexpected[39m[2m)[22m failed

    Locator:  getByRole('dialog', { name: /your cart/i }).getByText('Select shipping method')
    Expected: [32m1[39m
    Received: [31m0[39m
    Timeout:  10000ms

    Call log:
    [2m  - Expect "toHaveCount" with timeout 10000ms[22m
    [2m  - waiting for getByRole('dialog', { name: /your cart/i }).getByText('Select shipping method')[22m
    [2m    23 × locator resolved to 0 elements[22m
    [2m       - unexpected value "0"[22m


      286 | 		// They're grouped under the same seller, so only 1 shipping selector
      287 | 		const shippingTriggers = dialog.getByText('Select shipping method')
    > 288 | 		await expect(shippingTriggers).toHaveCount(1, { timeout: 10_000 })
          | 		                               ^
      289 | 	})
      290 |
      291 | 	test('removing all items from one seller keeps other seller items', async ({ newUserPage }) => {
        at /home/c03rad0r/market/e2e/tests/cart.spec.ts:288:34

    attachment #1: screenshot (image/png) ──────────────────────────────────────────────────────────
    test-results/cart-Cart---Multiple-Merch-3f604-e-products-from-same-seller-chromium/test-failed-1.png
    ────────────────────────────────────────────────────────────────────────────────────────────────

    Error Context: test-results/cart-Cart---Multiple-Merch-3f604-e-products-from-same-seller-chromium/error-context.md


[1A[2K[9/13] [chromium] › e2e/tests/cart.spec.ts:291:2 › Cart - Multiple Merchants › removing all items from one seller keeps other seller items
[1A[2K[chromium] › e2e/tests/cart.spec.ts:291:2 › Cart - Multiple Merchants › removing all items from one seller keeps other seller items
  Seeding: base (user profiles)

[1A[2K    Published profile: TestMerchant

[1A[2K    Published profile: TestBuyer

[1A[2K    Published profile: TestApp

[1A[2K    Published admin list with devUser1

[1A[2K  Seeding: merchant (shipping, payments, products)

[1A[2K[WebServer] Live admin list update received (created_at=1783161681)
[WebServer] Updated admin list with 2 admins: [ [0m[32m"ed29ae1859d35e17c8f9b9a1a21bd135881ddd2f8783466dd03723f439727035"[0m[0m[0m[2m,[0m
[WebServer]   [0m[32m"86a82cab18b293f53cbaaae8cdcbee3f7ec427fdf9f9c933db77800bb5ef38a0"[0m[0m
[WebServer] ]

[1A[2K    Published shipping: Worldwide Standard

[1A[2K    Published shipping: Digital Delivery

[1A[2K    Published shipping: Local Pickup - Bitcoin Store

[1A[2K    Published payment: LIGHTNING_NETWORK

[1A[2K    Published V4V shares (10% to community)

[1A[2K    Published product: Bitcoin Hardware Wallet

[1A[2K    Published product: Nostr T-Shirt

[1A[2K    Published product: Bitcoin E-Book

[1A[2K    Published product: Bitcoin Conference Ticket

[1A[2K  Seeding: marketplace (second merchant)

[1A[2K    Published shipping: Express Shipping

[1A[2K    Published shipping: Digital Delivery

[1A[2K    Published payment: LIGHTNING_NETWORK

[1A[2K    Published V4V shares (10% to community)

[1A[2K    Published product: Lightning Node Setup Guide

[1A[2K  3) [chromium] › e2e/tests/cart.spec.ts:291:2 › Cart - Multiple Merchants › removing all items from one seller keeps other seller items 

    Error: [2mexpect([22m[31mlocator[39m[2m).[22mtoHaveCount[2m([22m[32mexpected[39m[2m)[22m failed

    Locator:  getByRole('dialog', { name: /your cart/i }).locator('[data-slot="select-trigger"]:visible')
    Expected: [32m1[39m
    Received: [31m0[39m
    Timeout:  10000ms

    Call log:
    [2m  - Expect "toHaveCount" with timeout 10000ms[22m
    [2m  - waiting for getByRole('dialog', { name: /your cart/i }).locator('[data-slot="select-trigger"]:visible')[22m
    [2m    24 × locator resolved to 0 elements[22m
    [2m       - unexpected value "0"[22m


      313 | 		// don't get mistaken for an active seller section.
      314 | 		const shippingSelectors = dialog.locator('[data-slot="select-trigger"]:visible')
    > 315 | 		await expect(shippingSelectors).toHaveCount(1, { timeout: 10_000 })
          | 		                                ^
      316 | 	})
      317 | })
      318 |
        at /home/c03rad0r/market/e2e/tests/cart.spec.ts:315:35

    attachment #1: screenshot (image/png) ──────────────────────────────────────────────────────────
    test-results/cart-Cart---Multiple-Merch-42afa-er-keeps-other-seller-items-chromium/test-failed-1.png
    ────────────────────────────────────────────────────────────────────────────────────────────────

    Error Context: test-results/cart-Cart---Multiple-Merch-42afa-er-keeps-other-seller-items-chromium/error-context.md


[1A[2K[10/13] [chromium] › e2e/tests/cart.spec.ts:324:2 › Cart - Persistence › cart items persist after page reload
[1A[2K[chromium] › e2e/tests/cart.spec.ts:324:2 › Cart - Persistence › cart items persist after page reload
  Seeding: base (user profiles)

[1A[2K    Published profile: TestMerchant

[1A[2K    Published profile: TestBuyer

[1A[2K    Published profile: TestApp

[1A[2K    Published admin list with devUser1

[1A[2K  Seeding: merchant (shipping, payments, products)

[1A[2K[WebServer] Live admin list update received (created_at=1783161703)
[WebServer] Updated admin list with 2 admins: [ [0m[32m"ed29ae1859d35e17c8f9b9a1a21bd135881ddd2f8783466dd03723f439727035"[0m[0m[0m[2m,[0m
[WebServer]   [0m[32m"86a82cab18b293f53cbaaae8cdcbee3f7ec427fdf9f9c933db77800bb5ef38a0"[0m[0m
[WebServer] ]

[1A[2K    Published shipping: Worldwide Standard

[1A[2K    Published shipping: Digital Delivery

[1A[2K    Published shipping: Local Pickup - Bitcoin Store

[1A[2K    Published payment: LIGHTNING_NETWORK

[1A[2K    Published V4V shares (10% to community)

[1A[2K    Published product: Bitcoin Hardware Wallet

[1A[2K    Published product: Nostr T-Shirt

[1A[2K    Published product: Bitcoin E-Book

[1A[2K    Published product: Bitcoin Conference Ticket

[1A[2K  Seeding: marketplace (second merchant)

[1A[2K    Published shipping: Express Shipping

[1A[2K    Published shipping: Digital Delivery

[1A[2K    Published payment: LIGHTNING_NETWORK

[1A[2K    Published V4V shares (10% to community)

[1A[2K    Published product: Lightning Node Setup Guide

[1A[2K  4) [chromium] › e2e/tests/cart.spec.ts:324:2 › Cart - Persistence › cart items persist after page reload 

    [31mTest timeout of 30000ms exceeded.[39m

    Error: page.waitForLoadState: Target page, context or browser has been closed

      334 | 		// Reload the page
      335 | 		await newUserPage.reload()
    > 336 | 		await newUserPage.waitForLoadState('networkidle')
          | 		                  ^
      337 |
      338 | 		// Open the cart and verify both items survived the reload
      339 | 		await openCart(newUserPage)
        at /home/c03rad0r/market/e2e/tests/cart.spec.ts:336:21

    attachment #1: screenshot (image/png) ──────────────────────────────────────────────────────────
    test-results/cart-Cart---Persistence-cart-items-persist-after-page-reload-chromium/test-failed-1.png
    ────────────────────────────────────────────────────────────────────────────────────────────────

    Error Context: test-results/cart-Cart---Persistence-cart-items-persist-after-page-reload-chromium/error-context.md


[1A[2K[11/13] [chromium] › e2e/tests/cart.spec.ts:345:2 › Cart - Persistence › cart quantity persists after page reload
[1A[2K[chromium] › e2e/tests/cart.spec.ts:345:2 › Cart - Persistence › cart quantity persists after page reload
  Seeding: base (user profiles)

[1A[2K    Published profile: TestMerchant

[1A[2K    Published profile: TestBuyer

[1A[2K    Published profile: TestApp

[1A[2K    Published admin list with devUser1

[1A[2K  Seeding: merchant (shipping, payments, products)

[1A[2K[WebServer] Live admin list update received (created_at=1783161736)

[1A[2K[WebServer] Updated admin list with 2 admins: [ [0m[32m"ed29ae1859d35e17c8f9b9a1a21bd135881ddd2f8783466dd03723f439727035"[0m[0m[0m[2m,[0m
[WebServer]   [0m[32m"86a82cab18b293f53cbaaae8cdcbee3f7ec427fdf9f9c933db77800bb5ef38a0"[0m[0m
[WebServer] ]

[1A[2K    Published shipping: Worldwide Standard

[1A[2K    Published shipping: Digital Delivery

[1A[2K    Published shipping: Local Pickup - Bitcoin Store

[1A[2K    Published payment: LIGHTNING_NETWORK

[1A[2K    Published V4V shares (10% to community)

[1A[2K    Published product: Bitcoin Hardware Wallet

[1A[2K    Published product: Nostr T-Shirt

[1A[2K    Published product: Bitcoin E-Book

[1A[2K    Published product: Bitcoin Conference Ticket

[1A[2K  Seeding: marketplace (second merchant)

[1A[2K    Published shipping: Express Shipping

[1A[2K    Published shipping: Digital Delivery

[1A[2K    Published payment: LIGHTNING_NETWORK

[1A[2K    Published V4V shares (10% to community)

[1A[2K    Published product: Lightning Node Setup Guide

[1A[2K[12/13] [chromium] › e2e/tests/cart.spec.ts:376:2 › Cart - Persistence › cart persists after navigating to another page and back
[1A[2K[13/13] [chromium] › e2e/tests/cart.spec.ts:395:2 › Cart - Persistence › clearing cart removes all items after reload

--- E2E Global Teardown ---
  Cleanup complete
[1A[2K  4 failed
    [chromium] › e2e/tests/cart.spec.ts:251:2 › Cart - Multiple Merchants › products from different sellers are grouped separately 
    [chromium] › e2e/tests/cart.spec.ts:271:2 › Cart - Multiple Merchants › can add multiple products from same seller 
    [chromium] › e2e/tests/cart.spec.ts:291:2 › Cart - Multiple Merchants › removing all items from one seller keeps other seller items 
    [chromium] › e2e/tests/cart.spec.ts:324:2 › Cart - Persistence › cart items persist after page reload 
  9 passed (3.8m)
  [  8/30] cart                         [ndk]       run 3/5  FAIL  234s
[1A[2K[WebServer] 
[WebServer] --- Seeding relay for e2e tests ---
[WebServer]   App pubkey: ed29ae1859d35e17...

[1A[2K[WebServer]   Published app settings (Kind 31990)

[1A[2K[WebServer]   Published admin list (Kind 30000)

[1A[2K[WebServer]   Published relay list (Kind 10002)

[1A[2K[WebServer] --- Relay seeding complete ---
[WebServer] 

[1A[2K[WebServer] [0m[2m[35m$[0m [2m[1mbun --hot src/index.tsx --host 0.0.0.0[0m

[1A[2K[WebServer] Fetching app settings from relay: ws://localhost:10547 for pubkey: ed29ae1859d35e17c8f9b9a1a21bd135881ddd2f8783466dd03723f439727035

[1A[2K[WebServer] Bootstrap manager initialized in bootstrap mode

[1A[2K[WebServer] Bootstrap manager initialized in bootstrap mode

[1A[2K[WebServer] App port: 34567

[1A[2K[WebServer] 🚀 Server running at http://localhost:34567/

[1A[2K[WebServer] NDK service connected to relay: ws://localhost:10547

[1A[2K[WebServer] Fetching with filter: {"kinds":[31990],"authors":["ed29ae1859d35e17c8f9b9a1a21bd135881ddd2f8783466dd03723f439727035"],"#d":["plebeian-market-handler"],"limit":1}

[1A[2K[WebServer] Found existing setup event

[1A[2K[WebServer] Found existing admin list, updating internal list
[WebServer] Updated admin list with 2 admins: [ [0m[32m"ed29ae1859d35e17c8f9b9a1a21bd135881ddd2f8783466dd03723f439727035"[0m[0m[0m[2m,[0m
[WebServer]   [0m[32m"86a82cab18b293f53cbaaae8cdcbee3f7ec427fdf9f9c933db77800bb5ef38a0"[0m[0m
[WebServer] ]

[1A[2K[WebServer] Fetch returned 1 events
[WebServer] Found 1 app settings events

[1A[2K[WebServer] App settings loaded successfully


--- E2E Global Setup ---
  App pubkey: ed29ae1859d35e17...
  Server health: OK (app settings loaded)
--- Global Setup Complete ---


Running 13 tests using 1 worker

[1A[2K[WebServer] [vanity-urls] No existing registry found

[1A[2K[WebServer] [nip05-names] No existing registry found

[1A[2K[WebServer] Subscribed to zap purchase receipts (App relay)

[1A[2K[WebServer] Connecting to zap relays: ws://localhost:10547, wss://relay.damus.io, wss://nos.lol, wss://relay.nostr.net, wss://relay.minibits.cash, wss://relay.coinos.io, wss://nwc.primal.net, wss://relay.primal.net

[1A[2K[WebServer] Subscribed to zap purchase receipts (Zap relays)
[WebServer] EventHandler initialized successfully

[1A[2K[WebServer] ✅ EventHandler initialized successfully

[1A[2K[1/13] [chromium] › e2e/tests/cart.spec.ts:99:2 › Cart - Remove Items › can remove a single item from cart
[1A[2K[chromium] › e2e/tests/cart.spec.ts:99:2 › Cart - Remove Items › can remove a single item from cart
  Seeding: base (user profiles)

[1A[2K    Published profile: TestMerchant

[1A[2K    Published profile: TestBuyer

[1A[2K    Published profile: TestApp

[1A[2K    Published admin list with devUser1

[1A[2K  Seeding: merchant (shipping, payments, products)

[1A[2K[WebServer] Live admin list update received (created_at=1783161788)
[WebServer] Updated admin list with 2 admins: [ [0m[32m"ed29ae1859d35e17c8f9b9a1a21bd135881ddd2f8783466dd03723f439727035"[0m[0m[0m[2m,[0m
[WebServer]   [0m[32m"86a82cab18b293f53cbaaae8cdcbee3f7ec427fdf9f9c933db77800bb5ef38a0"[0m[0m
[WebServer] ]

[1A[2K    Published shipping: Worldwide Standard

[1A[2K    Published shipping: Digital Delivery

[1A[2K    Published shipping: Local Pickup - Bitcoin Store

[1A[2K    Published payment: LIGHTNING_NETWORK

[1A[2K    Published V4V shares (10% to community)

[1A[2K    Published product: Bitcoin Hardware Wallet

[1A[2K    Published product: Nostr T-Shirt

[1A[2K    Published product: Bitcoin E-Book

[1A[2K    Published product: Bitcoin Conference Ticket

[1A[2K  Seeding: marketplace (second merchant)

[1A[2K    Published shipping: Express Shipping

[1A[2K    Published shipping: Digital Delivery

[1A[2K    Published payment: LIGHTNING_NETWORK

[1A[2K    Published V4V shares (10% to community)

[1A[2K    Published product: Lightning Node Setup Guide

[1A[2K[WebServer] [32mBundled page in 2699ms[0m[2m:[0m src/index.html

[1A[2K[2/13] [chromium] › e2e/tests/cart.spec.ts:118:2 › Cart - Remove Items › removing one item from multi-item cart keeps others
[1A[2K[3/13] [chromium] › e2e/tests/cart.spec.ts:153:2 › Cart - Change Quantity › can increment product quantity using the plus button
[1A[2K[4/13] [chromium] › e2e/tests/cart.spec.ts:174:2 › Cart - Change Quantity › can decrement product quantity using the minus button
[1A[2K[5/13] [chromium] › e2e/tests/cart.spec.ts:200:2 › Cart - Change Quantity › decrement button is disabled at quantity 1
[1A[2K[6/13] [chromium] › e2e/tests/cart.spec.ts:214:2 › Cart - Change Quantity › can add same product multiple times from product listing
[1A[2K[7/13] [chromium] › e2e/tests/cart.spec.ts:251:2 › Cart - Multiple Merchants › products from different sellers are grouped separately
[1A[2K  1) [chromium] › e2e/tests/cart.spec.ts:251:2 › Cart - Multiple Merchants › products from different sellers are grouped separately 

    Error: [2mexpect([22m[31mlocator[39m[2m).[22mtoHaveCount[2m([22m[32mexpected[39m[2m)[22m failed

    Locator:  getByRole('dialog', { name: /your cart/i }).getByText('Select shipping method')
    Expected: [32m2[39m
    Received: [31m0[39m
    Timeout:  10000ms

    Call log:
    [2m  - Expect "toHaveCount" with timeout 10000ms[22m
    [2m  - waiting for getByRole('dialog', { name: /your cart/i }).getByText('Select shipping method')[22m
    [2m    23 × locator resolved to 0 elements[22m
    [2m       - unexpected value "0"[22m


      266 | 		// so there should be 2 "Select shipping method" triggers
      267 | 		const shippingTriggers = dialog.getByText('Select shipping method')
    > 268 | 		await expect(shippingTriggers).toHaveCount(2, { timeout: 10_000 })
          | 		                               ^
      269 | 	})
      270 |
      271 | 	test('can add multiple products from same seller', async ({ newUserPage }) => {
        at /home/c03rad0r/market/e2e/tests/cart.spec.ts:268:34

    attachment #1: screenshot (image/png) ──────────────────────────────────────────────────────────
    test-results/cart-Cart---Multiple-Merch-8aa0d-lers-are-grouped-separately-chromium/test-failed-1.png
    ────────────────────────────────────────────────────────────────────────────────────────────────

    Error Context: test-results/cart-Cart---Multiple-Merch-8aa0d-lers-are-grouped-separately-chromium/error-context.md


[1A[2K[8/13] [chromium] › e2e/tests/cart.spec.ts:271:2 › Cart - Multiple Merchants › can add multiple products from same seller
[1A[2K[chromium] › e2e/tests/cart.spec.ts:271:2 › Cart - Multiple Merchants › can add multiple products from same seller
  Seeding: base (user profiles)

[1A[2K    Published profile: TestMerchant

[1A[2K    Published profile: TestBuyer

[1A[2K    Published profile: TestApp

[1A[2K    Published admin list with devUser1

[1A[2K  Seeding: merchant (shipping, payments, products)

[1A[2K    Published shipping: Worldwide Standard

[1A[2K    Published shipping: Digital Delivery

[1A[2K[WebServer] Live admin list update received (created_at=1783161860)

[1A[2K    Published shipping: Local Pickup - Bitcoin Store

[1A[2K[WebServer] Updated admin list with 2 admins: [ [0m[32m"ed29ae1859d35e17c8f9b9a1a21bd135881ddd2f8783466dd03723f439727035"[0m[0m[0m[2m,[0m
[WebServer]   [0m[32m"86a82cab18b293f53cbaaae8cdcbee3f7ec427fdf9f9c933db77800bb5ef38a0"[0m[0m
[WebServer] ]

[1A[2K    Published payment: LIGHTNING_NETWORK

[1A[2K    Published V4V shares (10% to community)

[1A[2K    Published product: Bitcoin Hardware Wallet

[1A[2K    Published product: Nostr T-Shirt

[1A[2K    Published product: Bitcoin E-Book

[1A[2K    Published product: Bitcoin Conference Ticket

[1A[2K  Seeding: marketplace (second merchant)

[1A[2K    Published shipping: Express Shipping

[1A[2K    Published shipping: Digital Delivery

[1A[2K    Published payment: LIGHTNING_NETWORK

[1A[2K    Published V4V shares (10% to community)

[1A[2K    Published product: Lightning Node Setup Guide

[1A[2K  2) [chromium] › e2e/tests/cart.spec.ts:271:2 › Cart - Multiple Merchants › can add multiple products from same seller 

    [31mTest timeout of 30000ms exceeded.[39m

    Error: [2mexpect([22m[31mlocator[39m[2m).[22mtoHaveCount[2m([22m[32mexpected[39m[2m)[22m failed

    Locator:  getByRole('dialog', { name: /your cart/i }).getByText('Select shipping method')
    Expected: [32m1[39m
    Received: [31m0[39m

    Call log:
    [2m  - Expect "toHaveCount" with timeout 10000ms[22m
    [2m  - waiting for getByRole('dialog', { name: /your cart/i }).getByText('Select shipping method')[22m
    [2m    16 × locator resolved to 0 elements[22m
    [2m       - unexpected value "0"[22m


      286 | 		// They're grouped under the same seller, so only 1 shipping selector
      287 | 		const shippingTriggers = dialog.getByText('Select shipping method')
    > 288 | 		await expect(shippingTriggers).toHaveCount(1, { timeout: 10_000 })
          | 		                               ^
      289 | 	})
      290 |
      291 | 	test('removing all items from one seller keeps other seller items', async ({ newUserPage }) => {
        at /home/c03rad0r/market/e2e/tests/cart.spec.ts:288:34

    attachment #1: screenshot (image/png) ──────────────────────────────────────────────────────────
    test-results/cart-Cart---Multiple-Merch-3f604-e-products-from-same-seller-chromium/test-failed-1.png
    ────────────────────────────────────────────────────────────────────────────────────────────────

    Error Context: test-results/cart-Cart---Multiple-Merch-3f604-e-products-from-same-seller-chromium/error-context.md


[1A[2K[9/13] [chromium] › e2e/tests/cart.spec.ts:291:2 › Cart - Multiple Merchants › removing all items from one seller keeps other seller items
[1A[2K[chromium] › e2e/tests/cart.spec.ts:291:2 › Cart - Multiple Merchants › removing all items from one seller keeps other seller items
  Seeding: base (user profiles)

[1A[2K    Published profile: TestMerchant

[1A[2K    Published profile: TestBuyer

[1A[2K    Published profile: TestApp

[1A[2K    Published admin list with devUser1

[1A[2K  Seeding: merchant (shipping, payments, products)

[1A[2K    Published shipping: Worldwide Standard

[1A[2K    Published shipping: Digital Delivery

[1A[2K    Published shipping: Local Pickup - Bitcoin Store

[1A[2K[WebServer] Live admin list update received (created_at=1783161897)

[1A[2K[WebServer] Updated admin list with 2 admins: [ [0m[32m"ed29ae1859d35e17c8f9b9a1a21bd135881ddd2f8783466dd03723f439727035"[0m[0m[0m[2m,[0m
[WebServer]   [0m[32m"86a82cab18b293f53cbaaae8cdcbee3f7ec427fdf9f9c933db77800bb5ef38a0"[0m[0m
[WebServer] ]

[1A[2K    Published payment: LIGHTNING_NETWORK

[1A[2K    Published V4V shares (10% to community)

[1A[2K    Published product: Bitcoin Hardware Wallet

[1A[2K    Published product: Nostr T-Shirt

[1A[2K    Published product: Bitcoin E-Book

[1A[2K    Published product: Bitcoin Conference Ticket

[1A[2K  Seeding: marketplace (second merchant)

[1A[2K    Published shipping: Express Shipping

[1A[2K    Published shipping: Digital Delivery

[1A[2K    Published payment: LIGHTNING_NETWORK

[1A[2K    Published V4V shares (10% to community)

[1A[2K    Published product: Lightning Node Setup Guide

[1A[2K  3) [chromium] › e2e/tests/cart.spec.ts:291:2 › Cart - Multiple Merchants › removing all items from one seller keeps other seller items 

    [31mTest timeout of 30000ms exceeded.[39m

    Error: [2mexpect([22m[31mlocator[39m[2m).[22mtoHaveCount[2m([22m[32mexpected[39m[2m)[22m failed

    Locator:  getByRole('dialog', { name: /your cart/i }).locator('[data-slot="select-trigger"]:visible')
    Expected: [32m1[39m
    Received: [31m0[39m

    Call log:
    [2m  - Expect "toHaveCount" with timeout 10000ms[22m
    [2m  - waiting for getByRole('dialog', { name: /your cart/i }).locator('[data-slot="select-trigger"]:visible')[22m
    [2m    11 × locator resolved to 0 elements[22m
    [2m       - unexpected value "0"[22m


      313 | 		// don't get mistaken for an active seller section.
      314 | 		const shippingSelectors = dialog.locator('[data-slot="select-trigger"]:visible')
    > 315 | 		await expect(shippingSelectors).toHaveCount(1, { timeout: 10_000 })
          | 		                                ^
      316 | 	})
      317 | })
      318 |
        at /home/c03rad0r/market/e2e/tests/cart.spec.ts:315:35

    attachment #1: screenshot (image/png) ──────────────────────────────────────────────────────────
    test-results/cart-Cart---Multiple-Merch-42afa-er-keeps-other-seller-items-chromium/test-failed-1.png
    ────────────────────────────────────────────────────────────────────────────────────────────────

    Error Context: test-results/cart-Cart---Multiple-Merch-42afa-er-keeps-other-seller-items-chromium/error-context.md


[1A[2K[10/13] [chromium] › e2e/tests/cart.spec.ts:324:2 › Cart - Persistence › cart items persist after page reload
[1A[2K[chromium] › e2e/tests/cart.spec.ts:324:2 › Cart - Persistence › cart items persist after page reload
  Seeding: base (user profiles)

[1A[2K    Published profile: TestMerchant

[1A[2K    Published profile: TestBuyer

[1A[2K    Published profile: TestApp

[1A[2K    Published admin list with devUser1

[1A[2K  Seeding: merchant (shipping, payments, products)

[1A[2K    Published shipping: Worldwide Standard

[1A[2K    Published shipping: Digital Delivery

[1A[2K    Published shipping: Local Pickup - Bitcoin Store

[1A[2K    Published payment: LIGHTNING_NETWORK

[1A[2K[WebServer] Live admin list update received (created_at=1783161938)

[1A[2K[WebServer] Updated admin list with 2 admins: [ [0m[32m"ed29ae1859d35e17c8f9b9a1a21bd135881ddd2f8783466dd03723f439727035"[0m[0m[0m[2m,[0m
[WebServer]   [0m[32m"86a82cab18b293f53cbaaae8cdcbee3f7ec427fdf9f9c933db77800bb5ef38a0"[0m[0m
[WebServer] ]

[1A[2K    Published V4V shares (10% to community)

[1A[2K    Published product: Bitcoin Hardware Wallet

[1A[2K    Published product: Nostr T-Shirt

[1A[2K    Published product: Bitcoin E-Book

[1A[2K    Published product: Bitcoin Conference Ticket

[1A[2K  Seeding: marketplace (second merchant)

[1A[2K    Published shipping: Express Shipping

[1A[2K    Published shipping: Digital Delivery

[1A[2K    Published payment: LIGHTNING_NETWORK

[1A[2K    Published V4V shares (10% to community)

[1A[2K    Published product: Lightning Node Setup Guide

[1A[2K  4) [chromium] › e2e/tests/cart.spec.ts:324:2 › Cart - Persistence › cart items persist after page reload 

    [31mTest timeout of 30000ms exceeded.[39m

    Error: [2mexpect([22m[31mlocator[39m[2m).[22mtoBeVisible[2m([22m[2m)[22m failed

    Locator: getByRole('dialog', { name: /your cart/i }).getByText('Lightning Node Setup Guide')
    Expected: visible
    Error: element(s) not found

    Call log:
    [2m  - Expect "toBeVisible" with timeout 5000ms[22m
    [2m  - waiting for getByRole('dialog', { name: /your cart/i }).getByText('Lightning Node Setup Guide')[22m


      340 | 		const dialog = cartDialog(newUserPage)
      341 | 		await expect(dialog.getByText('Bitcoin Hardware Wallet')).toBeVisible({ timeout: 10_000 })
    > 342 | 		await expect(dialog.getByText('Lightning Node Setup Guide')).toBeVisible()
          | 		                                                             ^
      343 | 	})
      344 |
      345 | 	test('cart quantity persists after page reload', async ({ newUserPage }) => {
        at /home/c03rad0r/market/e2e/tests/cart.spec.ts:342:64

    attachment #1: screenshot (image/png) ──────────────────────────────────────────────────────────
    test-results/cart-Cart---Persistence-cart-items-persist-after-page-reload-chromium/test-failed-1.png
    ────────────────────────────────────────────────────────────────────────────────────────────────

    Error Context: test-results/cart-Cart---Persistence-cart-items-persist-after-page-reload-chromium/error-context.md


[1A[2K[11/13] [chromium] › e2e/tests/cart.spec.ts:345:2 › Cart - Persistence › cart quantity persists after page reload
[1A[2K[chromium] › e2e/tests/cart.spec.ts:345:2 › Cart - Persistence › cart quantity persists after page reload
  Seeding: base (user profiles)

[1A[2K    Published profile: TestMerchant

[1A[2K    Published profile: TestBuyer

[1A[2K    Published profile: TestApp

[1A[2K    Published admin list with devUser1

[1A[2K  Seeding: merchant (shipping, payments, products)

[1A[2K[WebServer] Live admin list update received (created_at=1783161975)
[WebServer] Updated admin list with 2 admins: [ [0m[32m"ed29ae1859d35e17c8f9b9a1a21bd135881ddd2f8783466dd03723f439727035"[0m[0m[0m[2m,[0m
[WebServer]   [0m[32m"86a82cab18b293f53cbaaae8cdcbee3f7ec427fdf9f9c933db77800bb5ef38a0"[0m[0m
[WebServer] ]

[1A[2K    Published shipping: Worldwide Standard

[1A[2K    Published shipping: Digital Delivery

[1A[2K    Published shipping: Local Pickup - Bitcoin Store

[1A[2K    Published payment: LIGHTNING_NETWORK

[1A[2K    Published V4V shares (10% to community)

[1A[2K    Published product: Bitcoin Hardware Wallet

[1A[2K    Published product: Nostr T-Shirt

[1A[2K    Published product: Bitcoin E-Book

[1A[2K    Published product: Bitcoin Conference Ticket

[1A[2K  Seeding: marketplace (second merchant)

[1A[2K    Published shipping: Express Shipping

[1A[2K    Published shipping: Digital Delivery

[1A[2K    Published payment: LIGHTNING_NETWORK

[1A[2K    Published V4V shares (10% to community)

[1A[2K    Published product: Lightning Node Setup Guide

[1A[2K[12/13] [chromium] › e2e/tests/cart.spec.ts:376:2 › Cart - Persistence › cart persists after navigating to another page and back
[1A[2K  5) [chromium] › e2e/tests/cart.spec.ts:376:2 › Cart - Persistence › cart persists after navigating to another page and back 

    Error: [2mexpect([22m[31mlocator[39m[2m).[22mtoBeVisible[2m([22m[2m)[22m failed

    Locator: getByRole('dialog', { name: /your cart/i }).getByText('Bitcoin Hardware Wallet')
    Expected: visible
    Timeout: 10000ms
    Error: element(s) not found

    Call log:
    [2m  - Expect "toBeVisible" with timeout 10000ms[22m
    [2m  - waiting for getByRole('dialog', { name: /your cart/i }).getByText('Bitcoin Hardware Wallet')[22m


      390 | 		await openCart(newUserPage)
      391 | 		const dialog = cartDialog(newUserPage)
    > 392 | 		await expect(dialog.getByText('Bitcoin Hardware Wallet')).toBeVisible({ timeout: 10_000 })
          | 		                                                          ^
      393 | 	})
      394 |
      395 | 	test('clearing cart removes all items after reload', async ({ buyerPage }) => {
        at /home/c03rad0r/market/e2e/tests/cart.spec.ts:392:61

    attachment #1: screenshot (image/png) ──────────────────────────────────────────────────────────
    test-results/cart-Cart---Persistence-ca-89926-ng-to-another-page-and-back-chromium/test-failed-1.png
    ────────────────────────────────────────────────────────────────────────────────────────────────

    Error Context: test-results/cart-Cart---Persistence-ca-89926-ng-to-another-page-and-back-chromium/error-context.md


[1A[2K[13/13] [chromium] › e2e/tests/cart.spec.ts:395:2 › Cart - Persistence › clearing cart removes all items after reload
[1A[2K[chromium] › e2e/tests/cart.spec.ts:395:2 › Cart - Persistence › clearing cart removes all items after reload
  Seeding: base (user profiles)

[1A[2K    Published profile: TestMerchant

[1A[2K    Published profile: TestBuyer

[1A[2K    Published profile: TestApp

[1A[2K    Published admin list with devUser1

[1A[2K  Seeding: merchant (shipping, payments, products)

[1A[2K[WebServer] Live admin list update received (created_at=1783162015)
[WebServer] Updated admin list with 2 admins: [ [0m[32m"ed29ae1859d35e17c8f9b9a1a21bd135881ddd2f8783466dd03723f439727035"[0m[0m[0m[2m,[0m
[WebServer]   [0m[32m"86a82cab18b293f53cbaaae8cdcbee3f7ec427fdf9f9c933db77800bb5ef38a0"[0m[0m
[WebServer] ]

[1A[2K    Published shipping: Worldwide Standard

[1A[2K    Published shipping: Digital Delivery

[1A[2K    Published shipping: Local Pickup - Bitcoin Store

[1A[2K    Published payment: LIGHTNING_NETWORK

[1A[2K    Published V4V shares (10% to community)

[1A[2K    Published product: Bitcoin Hardware Wallet

[1A[2K    Published product: Nostr T-Shirt

[1A[2K    Published product: Bitcoin E-Book

[1A[2K    Published product: Bitcoin Conference Ticket

[1A[2K  Seeding: marketplace (second merchant)

[1A[2K    Published shipping: Express Shipping

[1A[2K    Published shipping: Digital Delivery

[1A[2K    Published payment: LIGHTNING_NETWORK

[1A[2K    Published V4V shares (10% to community)

[1A[2K    Published product: Lightning Node Setup Guide


--- E2E Global Teardown ---
  Cleanup complete
[1A[2K  5 failed
    [chromium] › e2e/tests/cart.spec.ts:251:2 › Cart - Multiple Merchants › products from different sellers are grouped separately 
    [chromium] › e2e/tests/cart.spec.ts:271:2 › Cart - Multiple Merchants › can add multiple products from same seller 
    [chromium] › e2e/tests/cart.spec.ts:291:2 › Cart - Multiple Merchants › removing all items from one seller keeps other seller items 
    [chromium] › e2e/tests/cart.spec.ts:324:2 › Cart - Persistence › cart items persist after page reload 
    [chromium] › e2e/tests/cart.spec.ts:376:2 › Cart - Persistence › cart persists after navigating to another page and back 
  8 passed (4.0m)
  [  9/30] cart                         [ndk]       run 4/5  FAIL  244s
[1A[2K[WebServer] 
[WebServer] --- Seeding relay for e2e tests ---
[WebServer]   App pubkey: ed29ae1859d35e17...

[1A[2K[WebServer]   Published app settings (Kind 31990)

[1A[2K[WebServer]   Published admin list (Kind 30000)

[1A[2K[WebServer]   Published relay list (Kind 10002)

[1A[2K[WebServer] --- Relay seeding complete ---
[WebServer] 

[1A[2K[WebServer] [0m[2m[35m$[0m [2m[1mbun --hot src/index.tsx --host 0.0.0.0[0m

[1A[2K[WebServer] Fetching app settings from relay: ws://localhost:10547 for pubkey: ed29ae1859d35e17c8f9b9a1a21bd135881ddd2f8783466dd03723f439727035

[1A[2K[WebServer] Bootstrap manager initialized in bootstrap mode

[1A[2K[WebServer] Bootstrap manager initialized in bootstrap mode

[1A[2K[WebServer] App port: 34567

[1A[2K[WebServer] 🚀 Server running at http://localhost:34567/

[1A[2K[WebServer] NDK service connected to relay: ws://localhost:10547

[1A[2K[WebServer] Fetching with filter: {"kinds":[31990],"authors":["ed29ae1859d35e17c8f9b9a1a21bd135881ddd2f8783466dd03723f439727035"],"#d":["plebeian-market-handler"],"limit":1}

[1A[2K[WebServer] Found existing setup event

[1A[2K[WebServer] Found existing admin list, updating internal list
[WebServer] Updated admin list with 2 admins: [ [0m[32m"ed29ae1859d35e17c8f9b9a1a21bd135881ddd2f8783466dd03723f439727035"[0m[0m[0m[2m,[0m
[WebServer]   [0m[32m"86a82cab18b293f53cbaaae8cdcbee3f7ec427fdf9f9c933db77800bb5ef38a0"[0m[0m
[WebServer] ]

[1A[2K[WebServer] Fetch returned 1 events
[WebServer] Found 1 app settings events

[1A[2K[WebServer] App settings loaded successfully


--- E2E Global Setup ---
  App pubkey: ed29ae1859d35e17...
  Server health: OK (app settings loaded)
--- Global Setup Complete ---


Running 13 tests using 1 worker

[1A[2K[WebServer] [vanity-urls] No existing registry found

[1A[2K[WebServer] [nip05-names] No existing registry found

[1A[2K[WebServer] Subscribed to zap purchase receipts (App relay)

[1A[2K[WebServer] Connecting to zap relays: ws://localhost:10547, wss://relay.damus.io, wss://nos.lol, wss://relay.nostr.net, wss://relay.minibits.cash, wss://relay.coinos.io, wss://nwc.primal.net, wss://relay.primal.net

[1A[2K[WebServer] Subscribed to zap purchase receipts (Zap relays)
[WebServer] EventHandler initialized successfully

[1A[2K[WebServer] ✅ EventHandler initialized successfully

[1A[2K[1/13] [chromium] › e2e/tests/cart.spec.ts:99:2 › Cart - Remove Items › can remove a single item from cart
[1A[2K[chromium] › e2e/tests/cart.spec.ts:99:2 › Cart - Remove Items › can remove a single item from cart
  Seeding: base (user profiles)

[1A[2K    Published profile: TestMerchant

[1A[2K    Published profile: TestBuyer

[1A[2K    Published profile: TestApp

[1A[2K    Published admin list with devUser1

[1A[2K  Seeding: merchant (shipping, payments, products)

[1A[2K    Published shipping: Worldwide Standard

[1A[2K[WebServer] Live admin list update received (created_at=1783162032)
[WebServer] Updated admin list with 2 admins: [ [0m[32m"ed29ae1859d35e17c8f9b9a1a21bd135881ddd2f8783466dd03723f439727035"[0m[0m[0m[2m,[0m
[WebServer]   [0m[32m"86a82cab18b293f53cbaaae8cdcbee3f7ec427fdf9f9c933db77800bb5ef38a0"[0m[0m
[WebServer] ]

[1A[2K    Published shipping: Digital Delivery

[1A[2K    Published shipping: Local Pickup - Bitcoin Store

[1A[2K    Published payment: LIGHTNING_NETWORK

[1A[2K    Published V4V shares (10% to community)

[1A[2K    Published product: Bitcoin Hardware Wallet

[1A[2K    Published product: Nostr T-Shirt

[1A[2K    Published product: Bitcoin E-Book

[1A[2K    Published product: Bitcoin Conference Ticket

[1A[2K  Seeding: marketplace (second merchant)

[1A[2K    Published shipping: Express Shipping

[1A[2K    Published shipping: Digital Delivery

[1A[2K    Published payment: LIGHTNING_NETWORK

[1A[2K    Published V4V shares (10% to community)

[1A[2K    Published product: Lightning Node Setup Guide

[1A[2K[WebServer] [32mBundled page in 2364ms[0m[2m:[0m src/index.html

[1A[2K[2/13] [chromium] › e2e/tests/cart.spec.ts:118:2 › Cart - Remove Items › removing one item from multi-item cart keeps others
[1A[2K[3/13] [chromium] › e2e/tests/cart.spec.ts:153:2 › Cart - Change Quantity › can increment product quantity using the plus button
[1A[2K[4/13] [chromium] › e2e/tests/cart.spec.ts:174:2 › Cart - Change Quantity › can decrement product quantity using the minus button
[1A[2K[5/13] [chromium] › e2e/tests/cart.spec.ts:200:2 › Cart - Change Quantity › decrement button is disabled at quantity 1
[1A[2K[6/13] [chromium] › e2e/tests/cart.spec.ts:214:2 › Cart - Change Quantity › can add same product multiple times from product listing
[1A[2K[7/13] [chromium] › e2e/tests/cart.spec.ts:251:2 › Cart - Multiple Merchants › products from different sellers are grouped separately
[1A[2K  1) [chromium] › e2e/tests/cart.spec.ts:251:2 › Cart - Multiple Merchants › products from different sellers are grouped separately 

    Error: [2mexpect([22m[31mlocator[39m[2m).[22mtoHaveCount[2m([22m[32mexpected[39m[2m)[22m failed

    Locator:  getByRole('dialog', { name: /your cart/i }).getByText('Select shipping method')
    Expected: [32m2[39m
    Received: [31m0[39m
    Timeout:  10000ms

    Call log:
    [2m  - Expect "toHaveCount" with timeout 10000ms[22m
    [2m  - waiting for getByRole('dialog', { name: /your cart/i }).getByText('Select shipping method')[22m
    [2m    23 × locator resolved to 0 elements[22m
    [2m       - unexpected value "0"[22m


      266 | 		// so there should be 2 "Select shipping method" triggers
      267 | 		const shippingTriggers = dialog.getByText('Select shipping method')
    > 268 | 		await expect(shippingTriggers).toHaveCount(2, { timeout: 10_000 })
          | 		                               ^
      269 | 	})
      270 |
      271 | 	test('can add multiple products from same seller', async ({ newUserPage }) => {
        at /home/c03rad0r/market/e2e/tests/cart.spec.ts:268:34

    attachment #1: screenshot (image/png) ──────────────────────────────────────────────────────────
    test-results/cart-Cart---Multiple-Merch-8aa0d-lers-are-grouped-separately-chromium/test-failed-1.png
    ────────────────────────────────────────────────────────────────────────────────────────────────

    Error Context: test-results/cart-Cart---Multiple-Merch-8aa0d-lers-are-grouped-separately-chromium/error-context.md


[1A[2K[8/13] [chromium] › e2e/tests/cart.spec.ts:271:2 › Cart - Multiple Merchants › can add multiple products from same seller
[1A[2K[chromium] › e2e/tests/cart.spec.ts:271:2 › Cart - Multiple Merchants › can add multiple products from same seller
  Seeding: base (user profiles)

[1A[2K    Published profile: TestMerchant

[1A[2K    Published profile: TestBuyer

[1A[2K    Published profile: TestApp

[1A[2K    Published admin list with devUser1

[1A[2K  Seeding: merchant (shipping, payments, products)

[1A[2K[WebServer] Live admin list update received (created_at=1783162108)

[1A[2K[WebServer] Updated admin list with 2 admins: [ [0m[32m"ed29ae1859d35e17c8f9b9a1a21bd135881ddd2f8783466dd03723f439727035"[0m[0m[0m[2m,[0m
[WebServer]   [0m[32m"86a82cab18b293f53cbaaae8cdcbee3f7ec427fdf9f9c933db77800bb5ef38a0"[0m[0m
[WebServer] ]

[1A[2K    Published shipping: Worldwide Standard

[1A[2K    Published shipping: Digital Delivery

[1A[2K    Published shipping: Local Pickup - Bitcoin Store

[1A[2K    Published payment: LIGHTNING_NETWORK

[1A[2K    Published V4V shares (10% to community)

[1A[2K    Published product: Bitcoin Hardware Wallet

[1A[2K    Published product: Nostr T-Shirt

[1A[2K    Published product: Bitcoin E-Book

[1A[2K    Published product: Bitcoin Conference Ticket

[1A[2K  Seeding: marketplace (second merchant)

[1A[2K    Published shipping: Express Shipping

[1A[2K    Published shipping: Digital Delivery

[1A[2K    Published payment: LIGHTNING_NETWORK

[1A[2K    Published V4V shares (10% to community)

[1A[2K    Published product: Lightning Node Setup Guide

[1A[2K  2) [chromium] › e2e/tests/cart.spec.ts:271:2 › Cart - Multiple Merchants › can add multiple products from same seller 

    Error: [2mexpect([22m[31mlocator[39m[2m).[22mtoHaveCount[2m([22m[32mexpected[39m[2m)[22m failed

    Locator:  getByRole('dialog', { name: /your cart/i }).getByText('Select shipping method')
    Expected: [32m1[39m
    Received: [31m0[39m
    Timeout:  10000ms

    Call log:
    [2m  - Expect "toHaveCount" with timeout 10000ms[22m
    [2m  - waiting for getByRole('dialog', { name: /your cart/i }).getByText('Select shipping method')[22m
    [2m    23 × locator resolved to 0 elements[22m
    [2m       - unexpected value "0"[22m


      286 | 		// They're grouped under the same seller, so only 1 shipping selector
      287 | 		const shippingTriggers = dialog.getByText('Select shipping method')
    > 288 | 		await expect(shippingTriggers).toHaveCount(1, { timeout: 10_000 })
          | 		                               ^
      289 | 	})
      290 |
      291 | 	test('removing all items from one seller keeps other seller items', async ({ newUserPage }) => {
        at /home/c03rad0r/market/e2e/tests/cart.spec.ts:288:34

    attachment #1: screenshot (image/png) ──────────────────────────────────────────────────────────
    test-results/cart-Cart---Multiple-Merch-3f604-e-products-from-same-seller-chromium/test-failed-1.png
    ────────────────────────────────────────────────────────────────────────────────────────────────

    Error Context: test-results/cart-Cart---Multiple-Merch-3f604-e-products-from-same-seller-chromium/error-context.md


[1A[2K[9/13] [chromium] › e2e/tests/cart.spec.ts:291:2 › Cart - Multiple Merchants › removing all items from one seller keeps other seller items
[1A[2K[chromium] › e2e/tests/cart.spec.ts:291:2 › Cart - Multiple Merchants › removing all items from one seller keeps other seller items
  Seeding: base (user profiles)

[1A[2K    Published profile: TestMerchant

[1A[2K    Published profile: TestBuyer

[1A[2K    Published profile: TestApp

[1A[2K    Published admin list with devUser1

[1A[2K  Seeding: merchant (shipping, payments, products)

[1A[2K    Published shipping: Worldwide Standard

[1A[2K[WebServer] Live admin list update received (created_at=1783162127)

[1A[2K[WebServer] Updated admin list with 2 admins: [ [0m[32m"ed29ae1859d35e17c8f9b9a1a21bd135881ddd2f8783466dd03723f439727035"[0m[0m[0m[2m,[0m
[WebServer]   [0m[32m"86a82cab18b293f53cbaaae8cdcbee3f7ec427fdf9f9c933db77800bb5ef38a0"[0m[0m
[WebServer] ]

[1A[2K    Published shipping: Digital Delivery

[1A[2K    Published shipping: Local Pickup - Bitcoin Store

[1A[2K    Published payment: LIGHTNING_NETWORK

[1A[2K    Published V4V shares (10% to community)

[1A[2K    Published product: Bitcoin Hardware Wallet

[1A[2K    Published product: Nostr T-Shirt

[1A[2K    Published product: Bitcoin E-Book

[1A[2K    Published product: Bitcoin Conference Ticket

[1A[2K  Seeding: marketplace (second merchant)

[1A[2K    Published shipping: Express Shipping

[1A[2K    Published shipping: Digital Delivery

[1A[2K    Published payment: LIGHTNING_NETWORK

[1A[2K    Published V4V shares (10% to community)

[1A[2K    Published product: Lightning Node Setup Guide

[1A[2K  3) [chromium] › e2e/tests/cart.spec.ts:291:2 › Cart - Multiple Merchants › removing all items from one seller keeps other seller items 

    Error: [2mexpect([22m[31mlocator[39m[2m).[22mtoHaveCount[2m([22m[32mexpected[39m[2m)[22m failed

    Locator:  getByRole('dialog', { name: /your cart/i }).locator('[data-slot="select-trigger"]:visible')
    Expected: [32m1[39m
    Received: [31m0[39m
    Timeout:  10000ms

    Call log:
    [2m  - Expect "toHaveCount" with timeout 10000ms[22m
    [2m  - waiting for getByRole('dialog', { name: /your cart/i }).locator('[data-slot="select-trigger"]:visible')[22m
    [2m    23 × locator resolved to 0 elements[22m
    [2m       - unexpected value "0"[22m


      313 | 		// don't get mistaken for an active seller section.
      314 | 		const shippingSelectors = dialog.locator('[data-slot="select-trigger"]:visible')
    > 315 | 		await expect(shippingSelectors).toHaveCount(1, { timeout: 10_000 })
          | 		                                ^
      316 | 	})
      317 | })
      318 |
        at /home/c03rad0r/market/e2e/tests/cart.spec.ts:315:35

    attachment #1: screenshot (image/png) ──────────────────────────────────────────────────────────
    test-results/cart-Cart---Multiple-Merch-42afa-er-keeps-other-seller-items-chromium/test-failed-1.png
    ────────────────────────────────────────────────────────────────────────────────────────────────

    Error Context: test-results/cart-Cart---Multiple-Merch-42afa-er-keeps-other-seller-items-chromium/error-context.md


[1A[2K[10/13] [chromium] › e2e/tests/cart.spec.ts:324:2 › Cart - Persistence › cart items persist after page reload
[1A[2K[chromium] › e2e/tests/cart.spec.ts:324:2 › Cart - Persistence › cart items persist after page reload
  Seeding: base (user profiles)

[1A[2K    Published profile: TestMerchant

[1A[2K    Published profile: TestBuyer

[1A[2K    Published profile: TestApp

[1A[2K    Published admin list with devUser1

[1A[2K  Seeding: merchant (shipping, payments, products)

[1A[2K[WebServer] Live admin list update received (created_at=1783162146)

[1A[2K[WebServer] Updated admin list with 2 admins: [ [0m[32m"ed29ae1859d35e17c8f9b9a1a21bd135881ddd2f8783466dd03723f439727035"[0m[0m[0m[2m,[0m
[WebServer]   [0m[32m"86a82cab18b293f53cbaaae8cdcbee3f7ec427fdf9f9c933db77800bb5ef38a0"[0m[0m
[WebServer] ]

[1A[2K    Published shipping: Worldwide Standard

[1A[2K    Published shipping: Digital Delivery

[1A[2K    Published shipping: Local Pickup - Bitcoin Store

[1A[2K    Published payment: LIGHTNING_NETWORK

[1A[2K    Published V4V shares (10% to community)

[1A[2K    Published product: Bitcoin Hardware Wallet

[1A[2K    Published product: Nostr T-Shirt

[1A[2K    Published product: Bitcoin E-Book

[1A[2K    Published product: Bitcoin Conference Ticket

[1A[2K  Seeding: marketplace (second merchant)

[1A[2K    Published shipping: Express Shipping

[1A[2K    Published shipping: Digital Delivery

[1A[2K    Published payment: LIGHTNING_NETWORK

[1A[2K    Published V4V shares (10% to community)

[1A[2K    Published product: Lightning Node Setup Guide

[1A[2K  4) [chromium] › e2e/tests/cart.spec.ts:324:2 › Cart - Persistence › cart items persist after page reload 

    Error: [2mexpect([22m[31mlocator[39m[2m).[22mtoBeVisible[2m([22m[2m)[22m failed

    Locator: getByRole('dialog', { name: /your cart/i }).getByText('Lightning Node Setup Guide')
    Expected: visible
    Timeout: 5000ms
    Error: element(s) not found

    Call log:
    [2m  - Expect "toBeVisible" with timeout 5000ms[22m
    [2m  - waiting for getByRole('dialog', { name: /your cart/i }).getByText('Lightning Node Setup Guide')[22m


      340 | 		const dialog = cartDialog(newUserPage)
      341 | 		await expect(dialog.getByText('Bitcoin Hardware Wallet')).toBeVisible({ timeout: 10_000 })
    > 342 | 		await expect(dialog.getByText('Lightning Node Setup Guide')).toBeVisible()
          | 		                                                             ^
      343 | 	})
      344 |
      345 | 	test('cart quantity persists after page reload', async ({ newUserPage }) => {
        at /home/c03rad0r/market/e2e/tests/cart.spec.ts:342:64

    attachment #1: screenshot (image/png) ──────────────────────────────────────────────────────────
    test-results/cart-Cart---Persistence-cart-items-persist-after-page-reload-chromium/test-failed-1.png
    ────────────────────────────────────────────────────────────────────────────────────────────────

    Error Context: test-results/cart-Cart---Persistence-cart-items-persist-after-page-reload-chromium/error-context.md


[1A[2K[11/13] [chromium] › e2e/tests/cart.spec.ts:345:2 › Cart - Persistence › cart quantity persists after page reload
[1A[2K[chromium] › e2e/tests/cart.spec.ts:345:2 › Cart - Persistence › cart quantity persists after page reload
  Seeding: base (user profiles)

[1A[2K    Published profile: TestMerchant

[1A[2K    Published profile: TestBuyer

[1A[2K    Published profile: TestApp

[1A[2K    Published admin list with devUser1

[1A[2K  Seeding: merchant (shipping, payments, products)

[1A[2K[WebServer] Live admin list update received (created_at=1783162163)
[WebServer] Updated admin list with 2 admins: [ [0m[32m"ed29ae1859d35e17c8f9b9a1a21bd135881ddd2f8783466dd03723f439727035"[0m[0m[0m[2m,[0m
[WebServer]   [0m[32m"86a82cab18b293f53cbaaae8cdcbee3f7ec427fdf9f9c933db77800bb5ef38a0"[0m[0m
[WebServer] ]

[1A[2K    Published shipping: Worldwide Standard

[1A[2K    Published shipping: Digital Delivery

[1A[2K    Published shipping: Local Pickup - Bitcoin Store

[1A[2K    Published payment: LIGHTNING_NETWORK

[1A[2K    Published V4V shares (10% to community)

[1A[2K    Published product: Bitcoin Hardware Wallet

[1A[2K    Published product: Nostr T-Shirt

[1A[2K    Published product: Bitcoin E-Book

[1A[2K    Published product: Bitcoin Conference Ticket

[1A[2K  Seeding: marketplace (second merchant)

[1A[2K    Published shipping: Express Shipping

[1A[2K    Published shipping: Digital Delivery

[1A[2K    Published payment: LIGHTNING_NETWORK

[1A[2K    Published V4V shares (10% to community)

[1A[2K    Published product: Lightning Node Setup Guide

[1A[2K[12/13] [chromium] › e2e/tests/cart.spec.ts:376:2 › Cart - Persistence › cart persists after navigating to another page and back
[1A[2K  5) [chromium] › e2e/tests/cart.spec.ts:376:2 › Cart - Persistence › cart persists after navigating to another page and back 

    Error: [2mexpect([22m[31mlocator[39m[2m).[22mtoBeVisible[2m([22m[2m)[22m failed

    Locator: getByRole('dialog', { name: /your cart/i }).getByText('Bitcoin Hardware Wallet')
    Expected: visible
    Timeout: 10000ms
    Error: element(s) not found

    Call log:
    [2m  - Expect "toBeVisible" with timeout 10000ms[22m
    [2m  - waiting for getByRole('dialog', { name: /your cart/i }).getByText('Bitcoin Hardware Wallet')[22m


      390 | 		await openCart(newUserPage)
      391 | 		const dialog = cartDialog(newUserPage)
    > 392 | 		await expect(dialog.getByText('Bitcoin Hardware Wallet')).toBeVisible({ timeout: 10_000 })
          | 		                                                          ^
      393 | 	})
      394 |
      395 | 	test('clearing cart removes all items after reload', async ({ buyerPage }) => {
        at /home/c03rad0r/market/e2e/tests/cart.spec.ts:392:61

    attachment #1: screenshot (image/png) ──────────────────────────────────────────────────────────
    test-results/cart-Cart---Persistence-ca-89926-ng-to-another-page-and-back-chromium/test-failed-1.png
    ────────────────────────────────────────────────────────────────────────────────────────────────

    Error Context: test-results/cart-Cart---Persistence-ca-89926-ng-to-another-page-and-back-chromium/error-context.md


[1A[2K[13/13] [chromium] › e2e/tests/cart.spec.ts:395:2 › Cart - Persistence › clearing cart removes all items after reload
[1A[2K[chromium] › e2e/tests/cart.spec.ts:395:2 › Cart - Persistence › clearing cart removes all items after reload
  Seeding: base (user profiles)

[1A[2K    Published profile: TestMerchant

[1A[2K    Published profile: TestBuyer

[1A[2K    Published profile: TestApp

[1A[2K    Published admin list with devUser1

[1A[2K  Seeding: merchant (shipping, payments, products)

[1A[2K[WebServer] Live admin list update received (created_at=1783162202)
[WebServer] Updated admin list with 2 admins: [ [0m[32m"ed29ae1859d35e17c8f9b9a1a21bd135881ddd2f8783466dd03723f439727035"[0m[0m[0m[2m,[0m
[WebServer]   [0m[32m"86a82cab18b293f53cbaaae8cdcbee3f7ec427fdf9f9c933db77800bb5ef38a0"[0m[0m
[WebServer] ]

[1A[2K    Published shipping: Worldwide Standard

[1A[2K    Published shipping: Digital Delivery

[1A[2K    Published shipping: Local Pickup - Bitcoin Store

[1A[2K    Published payment: LIGHTNING_NETWORK

[1A[2K    Published V4V shares (10% to community)

[1A[2K    Published product: Bitcoin Hardware Wallet

[1A[2K    Published product: Nostr T-Shirt

[1A[2K    Published product: Bitcoin E-Book

[1A[2K    Published product: Bitcoin Conference Ticket

[1A[2K  Seeding: marketplace (second merchant)

[1A[2K    Published shipping: Express Shipping

[1A[2K    Published shipping: Digital Delivery

[1A[2K    Published payment: LIGHTNING_NETWORK

[1A[2K    Published V4V shares (10% to community)

[1A[2K    Published product: Lightning Node Setup Guide


--- E2E Global Teardown ---
  Cleanup complete
[1A[2K  5 failed
    [chromium] › e2e/tests/cart.spec.ts:251:2 › Cart - Multiple Merchants › products from different sellers are grouped separately 
    [chromium] › e2e/tests/cart.spec.ts:271:2 › Cart - Multiple Merchants › can add multiple products from same seller 
    [chromium] › e2e/tests/cart.spec.ts:291:2 › Cart - Multiple Merchants › removing all items from one seller keeps other seller items 
    [chromium] › e2e/tests/cart.spec.ts:324:2 › Cart - Persistence › cart items persist after page reload 
    [chromium] › e2e/tests/cart.spec.ts:376:2 › Cart - Persistence › cart persists after navigating to another page and back 
  8 passed (3.1m)
  [ 10/30] cart                         [ndk]       run 5/5  FAIL  189s
[1A[2K[WebServer] 
[WebServer] --- Seeding relay for e2e tests ---
[WebServer]   App pubkey: ed29ae1859d35e17...

[1A[2K[WebServer]   Published app settings (Kind 31990)

[1A[2K[WebServer]   Published admin list (Kind 30000)

[1A[2K[WebServer]   Published relay list (Kind 10002)

[1A[2K[WebServer] --- Relay seeding complete ---
[WebServer] 

[1A[2K[WebServer] [0m[2m[35m$[0m [2m[1mbun --hot src/index.tsx --host 0.0.0.0[0m

[1A[2K[WebServer] Fetching app settings from relay: ws://localhost:10547 for pubkey: ed29ae1859d35e17c8f9b9a1a21bd135881ddd2f8783466dd03723f439727035

[1A[2K[WebServer] Bootstrap manager initialized in bootstrap mode

[1A[2K[WebServer] Bootstrap manager initialized in bootstrap mode

[1A[2K[WebServer] App port: 34567

[1A[2K[WebServer] 🚀 Server running at http://localhost:34567/


--- E2E Global Setup ---
  App pubkey: ed29ae1859d35e17...
[1A[2K[WebServer] Marking event handler ready after initial delay (core components ready)

[1A[2K[WebServer] NDK connect warning (may still work): [0m[33mwarn[0m[2m:[0m [1mNDK connect timeout[0m
[WebServer] [0m      [2mat [0m[0m[2m<anonymous>[0m[2m ([0m[0m[36m[2m/home/c03rad0r/market/[0m[36msrc/lib/appSettings.ts[0m[2m:[0m[33m22[0m[2m:[33m67[0m[2m)[0m
[WebServer] 

[1A[2K[WebServer] Connected to 1 relays despite timeout
[WebServer] Fetching with filter: {"kinds":[31990],"authors":["ed29ae1859d35e17c8f9b9a1a21bd135881ddd2f8783466dd03723f439727035"],"#d":["plebeian-market-handler"],"limit":1}

[1A[2K[WebServer] Fetch returned 1 events
[WebServer] Found 1 app settings events

[1A[2K[WebServer] App settings loaded successfully

  Server health: OK (app settings loaded)
--- Global Setup Complete ---


Running 10 tests using 1 worker

[1A[2K[1/10] [chromium] › e2e/tests/payments.spec.ts:83:2 › Receiving Payments Configuration › displays existing seeded payment details
[1A[2K[chromium] › e2e/tests/payments.spec.ts:83:2 › Receiving Payments Configuration › displays existing seeded payment details
  Seeding: base (user profiles)

[1A[2K    Published profile: TestMerchant

[1A[2K    Published profile: TestBuyer

[1A[2K    Published profile: TestApp

[1A[2K    Published admin list with devUser1

[1A[2K  Seeding: merchant (shipping, payments, products)

[1A[2K    Published shipping: Worldwide Standard

[1A[2K    Published shipping: Digital Delivery

[1A[2K    Published shipping: Local Pickup - Bitcoin Store

[1A[2K    Published payment: LIGHTNING_NETWORK

[1A[2K    Published V4V shares (10% to community)

[1A[2K    Published product: Bitcoin Hardware Wallet

[1A[2K    Published product: Nostr T-Shirt

[1A[2K    Published product: Bitcoin E-Book

[1A[2K    Published product: Bitcoin Conference Ticket

[1A[2K[WebServer] ⚠️ NDK service init failed, continuing anyway: [0m[33mwarn[0m[2m:[0m [1mNDK service init timeout[0m
[WebServer] [0m      [2mat [0m[0m[2m<anonymous>[0m[2m ([0m[0m[36m[2m/home/c03rad0r/market/[0m[36msrc/server/EventHandler.ts[0m[2m:[0m[33m81[0m[2m:[33m60[0m[2m)[0m
[WebServer] 

[1A[2K[WebServer] Found existing setup event

[1A[2K[WebServer] Found existing admin list, updating internal list
[WebServer] Updated admin list with 2 admins: [ [0m[32m"ed29ae1859d35e17c8f9b9a1a21bd135881ddd2f8783466dd03723f439727035"[0m[0m[0m[2m,[0m
[WebServer]   [0m[32m"86a82cab18b293f53cbaaae8cdcbee3f7ec427fdf9f9c933db77800bb5ef38a0"[0m[0m
[WebServer] ]

[1A[2K[WebServer] [32mBundled page in 4011ms[0m[2m:[0m src/index.html

[1A[2K[WebServer] [vanity-urls] No existing registry found

[1A[2K[WebServer] [nip05-names] No existing registry found

[1A[2K[WebServer] Subscribed to zap purchase receipts (App relay)
[WebServer] Connecting to zap relays: ws://localhost:10547, wss://relay.damus.io, wss://nos.lol, wss://relay.nostr.net, wss://relay.minibits.cash, wss://relay.coinos.io, wss://nwc.primal.net, wss://relay.primal.net

[1A[2K[WebServer] NDK service connected to relay: ws://localhost:10547

[1A[2K[WebServer] Subscribed to zap purchase receipts (Zap relays)

[1A[2K[WebServer] EventHandler initialized successfully

[1A[2K[WebServer] ✅ EventHandler initialized successfully

[1A[2K[2/10] [chromium] › e2e/tests/payments.spec.ts:97:2 › Receiving Payments Configuration › can add a new Lightning payment method
[1A[2K[3/10] [chromium] › e2e/tests/payments.spec.ts:119:2 › Receiving Payments Configuration › can delete a payment method
[1A[2K[4/10] [chromium] › e2e/tests/payments.spec.ts:144:2 › NWC Wallet Management › empty state shows add wallet prompt
[1A[2K[5/10] [chromium] › e2e/tests/payments.spec.ts:157:2 › NWC Wallet Management › can add NWC wallet via manual fields
[1A[2K[6/10] [chromium] › e2e/tests/payments.spec.ts:188:2 › NWC Wallet Management › can delete an NWC wallet
[1A[2K[7/10] [chromium] › e2e/tests/payments.spec.ts:317:2 › Checkout Flow › empty cart shows redirect message
[1A[2K[8/10] [chromium] › e2e/tests/payments.spec.ts:329:7 › Checkout Flow › full checkout flow with mocked Lightning invoices
[1A[2K[9/10] [chromium] › e2e/tests/payments.spec.ts:352:7 › Checkout Flow › checkout publishes order events to relay
[1A[2K[10/10] [chromium] › e2e/tests/payments.spec.ts:387:7 › Checkout Flow › allows buyer to defer an invoice and continue checkout

--- E2E Global Teardown ---
  Cleanup complete
[1A[2K  3 skipped
  7 passed (1.3m)
  [ 11/30] payments                     [ndk]       run 1/5  PASS  79s
[1A[2K[WebServer] 
[WebServer] --- Seeding relay for e2e tests ---

[1A[2K[WebServer]   App pubkey: ed29ae1859d35e17...

[1A[2K[WebServer]   Published app settings (Kind 31990)

[1A[2K[WebServer]   Published admin list (Kind 30000)

[1A[2K[WebServer]   Published relay list (Kind 10002)

[1A[2K[WebServer] --- Relay seeding complete ---
[WebServer] 

[1A[2K[WebServer] [0m[2m[35m$[0m [2m[1mbun --hot src/index.tsx --host 0.0.0.0[0m

[1A[2K[WebServer] Fetching app settings from relay: ws://localhost:10547 for pubkey: ed29ae1859d35e17c8f9b9a1a21bd135881ddd2f8783466dd03723f439727035

[1A[2K[WebServer] Bootstrap manager initialized in bootstrap mode

[1A[2K[WebServer] Bootstrap manager initialized in bootstrap mode

[1A[2K[WebServer] App port: 34567

[1A[2K[WebServer] 🚀 Server running at http://localhost:34567/

[1A[2K[WebServer] Fetching with filter: {"kinds":[31990],"authors":["ed29ae1859d35e17c8f9b9a1a21bd135881ddd2f8783466dd03723f439727035"],"#d":["plebeian-market-handler"],"limit":1}

[1A[2K[WebServer] NDK service connected to relay: ws://localhost:10547

[1A[2K[WebServer] Fetch returned 1 events
[WebServer] Found 1 app settings events

[1A[2K[WebServer] App settings loaded successfully

[1A[2K[WebServer] Found existing admin list, updating internal list
[WebServer] Updated admin list with 2 admins: [ [0m[32m"ed29ae1859d35e17c8f9b9a1a21bd135881ddd2f8783466dd03723f439727035"[0m[0m[0m[2m,[0m
[WebServer]   [0m[32m"86a82cab18b293f53cbaaae8cdcbee3f7ec427fdf9f9c933db77800bb5ef38a0"[0m[0m
[WebServer] ]

[1A[2K[WebServer] Found existing setup event

[1A[2K[WebServer] [vanity-urls] No existing registry found

[1A[2K[WebServer] [nip05-names] No existing registry found

[1A[2K[WebServer] Subscribed to zap purchase receipts (App relay)
[WebServer] Connecting to zap relays: ws://localhost:10547, wss://relay.damus.io, wss://nos.lol, wss://relay.nostr.net, wss://relay.minibits.cash, wss://relay.coinos.io, wss://nwc.primal.net, wss://relay.primal.net


--- E2E Global Setup ---
  App pubkey: ed29ae1859d35e17...
  Server health: OK (app settings loaded)
--- Global Setup Complete ---


Running 10 tests using 1 worker

[1A[2K[WebServer] Subscribed to zap purchase receipts (Zap relays)
[WebServer] EventHandler initialized successfully
[WebServer] ✅ EventHandler initialized successfully

[1A[2K[1/10] [chromium] › e2e/tests/payments.spec.ts:83:2 › Receiving Payments Configuration › displays existing seeded payment details
[1A[2K[chromium] › e2e/tests/payments.spec.ts:83:2 › Receiving Payments Configuration › displays existing seeded payment details
  Seeding: base (user profiles)

[1A[2K    Published profile: TestMerchant

[1A[2K    Published profile: TestBuyer

[1A[2K    Published profile: TestApp

[1A[2K    Published admin list with devUser1

[1A[2K  Seeding: merchant (shipping, payments, products)

[1A[2K    Published shipping: Worldwide Standard

[1A[2K[WebServer] Live admin list update received (created_at=1783162305)

[1A[2K[WebServer] Updated admin list with 2 admins: [ [0m[32m"ed29ae1859d35e17c8f9b9a1a21bd135881ddd2f8783466dd03723f439727035"[0m[0m[0m[2m,[0m
[WebServer]   [0m[32m"86a82cab18b293f53cbaaae8cdcbee3f7ec427fdf9f9c933db77800bb5ef38a0"[0m[0m
[WebServer] ]

[1A[2K    Published shipping: Digital Delivery

[1A[2K    Published shipping: Local Pickup - Bitcoin Store

[1A[2K    Published payment: LIGHTNING_NETWORK

[1A[2K    Published V4V shares (10% to community)

[1A[2K    Published product: Bitcoin Hardware Wallet

[1A[2K    Published product: Nostr T-Shirt

[1A[2K    Published product: Bitcoin E-Book

[1A[2K    Published product: Bitcoin Conference Ticket

[1A[2K[WebServer] [32mBundled page in 4415ms[0m[2m:[0m src/index.html

[1A[2K[2/10] [chromium] › e2e/tests/payments.spec.ts:97:2 › Receiving Payments Configuration › can add a new Lightning payment method
[1A[2K[3/10] [chromium] › e2e/tests/payments.spec.ts:119:2 › Receiving Payments Configuration › can delete a payment method
[1A[2K[4/10] [chromium] › e2e/tests/payments.spec.ts:144:2 › NWC Wallet Management › empty state shows add wallet prompt
[1A[2K[5/10] [chromium] › e2e/tests/payments.spec.ts:157:2 › NWC Wallet Management › can add NWC wallet via manual fields
[1A[2K[6/10] [chromium] › e2e/tests/payments.spec.ts:188:2 › NWC Wallet Management › can delete an NWC wallet
[1A[2K[7/10] [chromium] › e2e/tests/payments.spec.ts:317:2 › Checkout Flow › empty cart shows redirect message
[1A[2K[8/10] [chromium] › e2e/tests/payments.spec.ts:329:7 › Checkout Flow › full checkout flow with mocked Lightning invoices
[1A[2K[9/10] [chromium] › e2e/tests/payments.spec.ts:352:7 › Checkout Flow › checkout publishes order events to relay
[1A[2K[10/10] [chromium] › e2e/tests/payments.spec.ts:387:7 › Checkout Flow › allows buyer to defer an invoice and continue checkout

--- E2E Global Teardown ---
  Cleanup complete
[1A[2K  3 skipped
  7 passed (58.2s)
  [ 12/30] payments                     [ndk]       run 2/5  PASS  63s
[1A[2K[WebServer] 
[WebServer] --- Seeding relay for e2e tests ---

[1A[2K[WebServer]   App pubkey: ed29ae1859d35e17...

[1A[2K[WebServer]   Published app settings (Kind 31990)

[1A[2K[WebServer]   Published admin list (Kind 30000)

[1A[2K[WebServer]   Published relay list (Kind 10002)

[1A[2K[WebServer] --- Relay seeding complete ---
[WebServer] 

[1A[2K[WebServer] [0m[2m[35m$[0m [2m[1mbun --hot src/index.tsx --host 0.0.0.0[0m

[1A[2K[WebServer] Fetching app settings from relay: ws://localhost:10547 for pubkey: ed29ae1859d35e17c8f9b9a1a21bd135881ddd2f8783466dd03723f439727035

[1A[2K[WebServer] Bootstrap manager initialized in bootstrap mode
[WebServer] Bootstrap manager initialized in bootstrap mode

[1A[2K[WebServer] App port: 34567

[1A[2K[WebServer] 🚀 Server running at http://localhost:34567/

[1A[2K[WebServer] NDK service connected to relay: ws://localhost:10547

[1A[2K[WebServer] Fetching with filter: {"kinds":[31990],"authors":["ed29ae1859d35e17c8f9b9a1a21bd135881ddd2f8783466dd03723f439727035"],"#d":["plebeian-market-handler"],"limit":1}

[1A[2K[WebServer] Found existing setup event

[1A[2K[WebServer] Found existing admin list, updating internal list

[1A[2K[WebServer] Updated admin list with 2 admins: [ [0m[32m"ed29ae1859d35e17c8f9b9a1a21bd135881ddd2f8783466dd03723f439727035"[0m[0m[0m[2m,[0m
[WebServer]   [0m[32m"86a82cab18b293f53cbaaae8cdcbee3f7ec427fdf9f9c933db77800bb5ef38a0"[0m[0m
[WebServer] ]

[1A[2K[WebServer] Fetch returned 1 events

[1A[2K[WebServer] Found 1 app settings events

[1A[2K[WebServer] App settings loaded successfully

[1A[2K[WebServer] [vanity-urls] No existing registry found

[1A[2K[WebServer] [nip05-names] No existing registry found

[1A[2K[WebServer] Subscribed to zap purchase receipts (App relay)
[WebServer] Connecting to zap relays: ws://localhost:10547, wss://relay.damus.io, wss://nos.lol, wss://relay.nostr.net, wss://relay.minibits.cash, wss://relay.coinos.io, wss://nwc.primal.net, wss://relay.primal.net


--- E2E Global Setup ---
  App pubkey: ed29ae1859d35e17...
  Server health: OK (app settings loaded)
--- Global Setup Complete ---


Running 10 tests using 1 worker

[1A[2K[WebServer] Subscribed to zap purchase receipts (Zap relays)
[WebServer] EventHandler initialized successfully
[WebServer] ✅ EventHandler initialized successfully

[1A[2K[1/10] [chromium] › e2e/tests/payments.spec.ts:83:2 › Receiving Payments Configuration › displays existing seeded payment details
[1A[2K[chromium] › e2e/tests/payments.spec.ts:83:2 › Receiving Payments Configuration › displays existing seeded payment details
  Seeding: base (user profiles)

[1A[2K    Published profile: TestMerchant

[1A[2K    Published profile: TestBuyer

[1A[2K    Published profile: TestApp

[1A[2K    Published admin list with devUser1

[1A[2K  Seeding: merchant (shipping, payments, products)

[1A[2K    Published shipping: Worldwide Standard

[1A[2K[WebServer] Live admin list update received (created_at=1783162366)

[1A[2K[WebServer] Updated admin list with 2 admins: [ [0m[32m"ed29ae1859d35e17c8f9b9a1a21bd135881ddd2f8783466dd03723f439727035"[0m[0m[0m[2m,[0m
[WebServer]   [0m[32m"86a82cab18b293f53cbaaae8cdcbee3f7ec427fdf9f9c933db77800bb5ef38a0"[0m[0m
[WebServer] ]

[1A[2K    Published shipping: Digital Delivery

[1A[2K    Published shipping: Local Pickup - Bitcoin Store

[1A[2K    Published payment: LIGHTNING_NETWORK

[1A[2K    Published V4V shares (10% to community)

[1A[2K    Published product: Bitcoin Hardware Wallet

[1A[2K    Published product: Nostr T-Shirt

[1A[2K    Published product: Bitcoin E-Book

[1A[2K    Published product: Bitcoin Conference Ticket

[1A[2K[WebServer] [32mBundled page in 4590ms[0m[2m:[0m src/index.html

[1A[2K[2/10] [chromium] › e2e/tests/payments.spec.ts:97:2 › Receiving Payments Configuration › can add a new Lightning payment method
[1A[2K[3/10] [chromium] › e2e/tests/payments.spec.ts:119:2 › Receiving Payments Configuration › can delete a payment method
[1A[2K[4/10] [chromium] › e2e/tests/payments.spec.ts:144:2 › NWC Wallet Management › empty state shows add wallet prompt
[1A[2K[5/10] [chromium] › e2e/tests/payments.spec.ts:157:2 › NWC Wallet Management › can add NWC wallet via manual fields
[1A[2K[6/10] [chromium] › e2e/tests/payments.spec.ts:188:2 › NWC Wallet Management › can delete an NWC wallet
[1A[2K[7/10] [chromium] › e2e/tests/payments.spec.ts:317:2 › Checkout Flow › empty cart shows redirect message
[1A[2K[8/10] [chromium] › e2e/tests/payments.spec.ts:329:7 › Checkout Flow › full checkout flow with mocked Lightning invoices
[1A[2K[9/10] [chromium] › e2e/tests/payments.spec.ts:352:7 › Checkout Flow › checkout publishes order events to relay
[1A[2K[10/10] [chromium] › e2e/tests/payments.spec.ts:387:7 › Checkout Flow › allows buyer to defer an invoice and continue checkout

--- E2E Global Teardown ---
  Cleanup complete
[1A[2K  3 skipped
  7 passed (1.0m)
  [ 13/30] payments                     [ndk]       run 3/5  PASS  64s
[1A[2K[WebServer] 
[WebServer] --- Seeding relay for e2e tests ---
[WebServer]   App pubkey: ed29ae1859d35e17...

[1A[2K[WebServer]   Published app settings (Kind 31990)

[1A[2K[WebServer]   Published admin list (Kind 30000)

[1A[2K[WebServer]   Published relay list (Kind 10002)
[WebServer] --- Relay seeding complete ---
[WebServer] 

[1A[2K[WebServer] [0m[2m[35m$[0m [2m[1mbun --hot src/index.tsx --host 0.0.0.0[0m

[1A[2K[WebServer] Fetching app settings from relay: ws://localhost:10547 for pubkey: ed29ae1859d35e17c8f9b9a1a21bd135881ddd2f8783466dd03723f439727035

[1A[2K[WebServer] Bootstrap manager initialized in bootstrap mode

[1A[2K[WebServer] Bootstrap manager initialized in bootstrap mode

[1A[2K[WebServer] App port: 34567

[1A[2K[WebServer] 🚀 Server running at http://localhost:34567/

[1A[2K[WebServer] NDK service connected to relay: ws://localhost:10547

[1A[2K[WebServer] Fetching with filter: {"kinds":[31990],"authors":["ed29ae1859d35e17c8f9b9a1a21bd135881ddd2f8783466dd03723f439727035"],"#d":["plebeian-market-handler"],"limit":1}

[1A[2K[WebServer] Found existing setup event


--- E2E Global Setup ---
  App pubkey: ed29ae1859d35e17...
[1A[2K[WebServer] Found existing admin list, updating internal list
[WebServer] Updated admin list with 2 admins: [ [0m[32m"ed29ae1859d35e17c8f9b9a1a21bd135881ddd2f8783466dd03723f439727035"[0m[0m[0m[2m,[0m
[WebServer]   [0m[32m"86a82cab18b293f53cbaaae8cdcbee3f7ec427fdf9f9c933db77800bb5ef38a0"[0m[0m
[WebServer] ]
[WebServer] Fetch returned 1 events
[WebServer] Found 1 app settings events
[WebServer] App settings loaded successfully

  Server health: OK (app settings loaded)
--- Global Setup Complete ---

[1A[2K[WebServer] [vanity-urls] No existing registry found

[1A[2K[WebServer] [nip05-names] No existing registry found
[WebServer] Subscribed to zap purchase receipts (App relay)
[WebServer] Connecting to zap relays: ws://localhost:10547, wss://relay.damus.io, wss://nos.lol, wss://relay.nostr.net, wss://relay.minibits.cash, wss://relay.coinos.io, wss://nwc.primal.net, wss://relay.primal.net


Running 10 tests using 1 worker

[1A[2K[WebServer] Subscribed to zap purchase receipts (Zap relays)
[WebServer] EventHandler initialized successfully

[1A[2K[WebServer] ✅ EventHandler initialized successfully

[1A[2K[1/10] [chromium] › e2e/tests/payments.spec.ts:83:2 › Receiving Payments Configuration › displays existing seeded payment details
[1A[2K[chromium] › e2e/tests/payments.spec.ts:83:2 › Receiving Payments Configuration › displays existing seeded payment details
  Seeding: base (user profiles)

[1A[2K    Published profile: TestMerchant

[1A[2K    Published profile: TestBuyer

[1A[2K    Published profile: TestApp

[1A[2K    Published admin list with devUser1

[1A[2K  Seeding: merchant (shipping, payments, products)

[1A[2K[WebServer] Live admin list update received (created_at=1783162428)

[1A[2K[WebServer] Updated admin list with 2 admins: [ [0m[32m"ed29ae1859d35e17c8f9b9a1a21bd135881ddd2f8783466dd03723f439727035"[0m[0m[0m[2m,[0m
[WebServer]   [0m[32m"86a82cab18b293f53cbaaae8cdcbee3f7ec427fdf9f9c933db77800bb5ef38a0"[0m[0m
[WebServer] ]

[1A[2K    Published shipping: Worldwide Standard

[1A[2K    Published shipping: Digital Delivery

[1A[2K    Published shipping: Local Pickup - Bitcoin Store

[1A[2K    Published payment: LIGHTNING_NETWORK

[1A[2K    Published V4V shares (10% to community)

[1A[2K    Published product: Bitcoin Hardware Wallet

[1A[2K    Published product: Nostr T-Shirt

[1A[2K    Published product: Bitcoin E-Book

[1A[2K    Published product: Bitcoin Conference Ticket

[1A[2K[WebServer] [32mBundled page in 2728ms[0m[2m:[0m src/index.html

[1A[2K[2/10] [chromium] › e2e/tests/payments.spec.ts:97:2 › Receiving Payments Configuration › can add a new Lightning payment method
[1A[2K[3/10] [chromium] › e2e/tests/payments.spec.ts:119:2 › Receiving Payments Configuration › can delete a payment method
[1A[2K[4/10] [chromium] › e2e/tests/payments.spec.ts:144:2 › NWC Wallet Management › empty state shows add wallet prompt
[1A[2K[5/10] [chromium] › e2e/tests/payments.spec.ts:157:2 › NWC Wallet Management › can add NWC wallet via manual fields
[1A[2K[6/10] [chromium] › e2e/tests/payments.spec.ts:188:2 › NWC Wallet Management › can delete an NWC wallet
[1A[2K[7/10] [chromium] › e2e/tests/payments.spec.ts:317:2 › Checkout Flow › empty cart shows redirect message
[1A[2K[8/10] [chromium] › e2e/tests/payments.spec.ts:329:7 › Checkout Flow › full checkout flow with mocked Lightning invoices
[1A[2K[9/10] [chromium] › e2e/tests/payments.spec.ts:352:7 › Checkout Flow › checkout publishes order events to relay
[1A[2K[10/10] [chromium] › e2e/tests/payments.spec.ts:387:7 › Checkout Flow › allows buyer to defer an invoice and continue checkout

--- E2E Global Teardown ---
  Cleanup complete
[1A[2K  3 skipped
  7 passed (47.5s)
  [ 14/30] payments                     [ndk]       run 4/5  PASS  50s
[1A[2K[WebServer] 
[WebServer] --- Seeding relay for e2e tests ---
[WebServer]   App pubkey: ed29ae1859d35e17...

[1A[2K[WebServer]   Published app settings (Kind 31990)

[1A[2K[WebServer]   Published admin list (Kind 30000)

[1A[2K[WebServer]   Published relay list (Kind 10002)

[1A[2K[WebServer] --- Relay seeding complete ---
[WebServer] 

[1A[2K[WebServer] [0m[2m[35m$[0m [2m[1mbun --hot src/index.tsx --host 0.0.0.0[0m

[1A[2K[WebServer] Fetching app settings from relay: ws://localhost:10547 for pubkey: ed29ae1859d35e17c8f9b9a1a21bd135881ddd2f8783466dd03723f439727035

[1A[2K[WebServer] Bootstrap manager initialized in bootstrap mode
[WebServer] Bootstrap manager initialized in bootstrap mode

[1A[2K[WebServer] App port: 34567

[1A[2K[WebServer] 🚀 Server running at http://localhost:34567/

[1A[2K[WebServer] NDK service connected to relay: ws://localhost:10547

[1A[2K[WebServer] Fetching with filter: {"kinds":[31990],"authors":["ed29ae1859d35e17c8f9b9a1a21bd135881ddd2f8783466dd03723f439727035"],"#d":["plebeian-market-handler"],"limit":1}

[1A[2K[WebServer] Found existing setup event


--- E2E Global Setup ---
  App pubkey: ed29ae1859d35e17...
[1A[2K[WebServer] Found existing admin list, updating internal list
[WebServer] Updated admin list with 2 admins: [ [0m[32m"ed29ae1859d35e17c8f9b9a1a21bd135881ddd2f8783466dd03723f439727035"[0m[0m[0m[2m,[0m
[WebServer]   [0m[32m"86a82cab18b293f53cbaaae8cdcbee3f7ec427fdf9f9c933db77800bb5ef38a0"[0m[0m
[WebServer] ]
[WebServer] Fetch returned 1 events
[WebServer] Found 1 app settings events
[WebServer] App settings loaded successfully

  Server health: OK (app settings loaded)
--- Global Setup Complete ---


Running 10 tests using 1 worker

[1A[2K[WebServer] [vanity-urls] No existing registry found

[1A[2K[WebServer] [nip05-names] No existing registry found
[WebServer] Subscribed to zap purchase receipts (App relay)
[WebServer] Connecting to zap relays: ws://localhost:10547, wss://relay.damus.io, wss://nos.lol, wss://relay.nostr.net, wss://relay.minibits.cash, wss://relay.coinos.io, wss://nwc.primal.net, wss://relay.primal.net

[1A[2K[WebServer] Subscribed to zap purchase receipts (Zap relays)
[WebServer] EventHandler initialized successfully
[WebServer] ✅ EventHandler initialized successfully

[1A[2K[1/10] [chromium] › e2e/tests/payments.spec.ts:83:2 › Receiving Payments Configuration › displays existing seeded payment details
[1A[2K[chromium] › e2e/tests/payments.spec.ts:83:2 › Receiving Payments Configuration › displays existing seeded payment details
  Seeding: base (user profiles)

[1A[2K    Published profile: TestMerchant

[1A[2K    Published profile: TestBuyer

[1A[2K    Published profile: TestApp

[1A[2K    Published admin list with devUser1

[1A[2K  Seeding: merchant (shipping, payments, products)

[1A[2K[WebServer] Live admin list update received (created_at=1783162478)
[WebServer] Updated admin list with 2 admins: [ [0m[32m"ed29ae1859d35e17c8f9b9a1a21bd135881ddd2f8783466dd03723f439727035"[0m[0m[0m[2m,[0m
[WebServer]   [0m[32m"86a82cab18b293f53cbaaae8cdcbee3f7ec427fdf9f9c933db77800bb5ef38a0"[0m[0m
[WebServer] ]

[1A[2K    Published shipping: Worldwide Standard

[1A[2K    Published shipping: Digital Delivery

[1A[2K    Published shipping: Local Pickup - Bitcoin Store

[1A[2K    Published payment: LIGHTNING_NETWORK

[1A[2K    Published V4V shares (10% to community)

[1A[2K    Published product: Bitcoin Hardware Wallet

[1A[2K    Published product: Nostr T-Shirt

[1A[2K    Published product: Bitcoin E-Book

[1A[2K    Published product: Bitcoin Conference Ticket

[1A[2K[WebServer] [32mBundled page in 3082ms[0m[2m:[0m src/index.html

[1A[2K[2/10] [chromium] › e2e/tests/payments.spec.ts:97:2 › Receiving Payments Configuration › can add a new Lightning payment method
[1A[2K[3/10] [chromium] › e2e/tests/payments.spec.ts:119:2 › Receiving Payments Configuration › can delete a payment method
[1A[2K[4/10] [chromium] › e2e/tests/payments.spec.ts:144:2 › NWC Wallet Management › empty state shows add wallet prompt
[1A[2K  1) [chromium] › e2e/tests/payments.spec.ts:144:2 › NWC Wallet Management › empty state shows add wallet prompt 

    [31mTest timeout of 30000ms exceeded.[39m

    Error: page.goto: Target page, context or browser has been closed
    Call log:
    [2m  - navigating to "http://localhost:34567/dashboard/account/making-payments", waiting until "load"[22m


      24 | 	for (let attempt = 0; attempt < 3; attempt++) {
      25 | 		try {
    > 26 | 			await page.goto(url)
         | 			           ^
      27 | 		} catch (error) {
      28 | 			const msg = String(error)
      29 | 			if (!msg.includes('interrupted by another navigation') && !msg.includes('ERR_ABORTED')) throw error
        at safeGoto (/home/c03rad0r/market/e2e/tests/payments.spec.ts:26:15)
        at /home/c03rad0r/market/e2e/tests/payments.spec.ts:145:9

    Error Context: test-results/payments-NWC-Wallet-Manage-655be-ate-shows-add-wallet-prompt-chromium/error-context.md


[1A[2K[5/10] [chromium] › e2e/tests/payments.spec.ts:157:2 › NWC Wallet Management › can add NWC wallet via manual fields
[1A[2K[chromium] › e2e/tests/payments.spec.ts:157:2 › NWC Wallet Management › can add NWC wallet via manual fields
  Seeding: base (user profiles)

[1A[2K    Published profile: TestMerchant

[1A[2K    Published profile: TestBuyer

[1A[2K    Published profile: TestApp

[1A[2K    Published admin list with devUser1

[1A[2K  Seeding: merchant (shipping, payments, products)

[1A[2K[WebServer] Live admin list update received (created_at=1783162539)
[WebServer] Updated admin list with 2 admins: [ [0m[32m"ed29ae1859d35e17c8f9b9a1a21bd135881ddd2f8783466dd03723f439727035"[0m[0m[0m[2m,[0m
[WebServer]   [0m[32m"86a82cab18b293f53cbaaae8cdcbee3f7ec427fdf9f9c933db77800bb5ef38a0"[0m[0m
[WebServer] ]

[1A[2K    Published shipping: Worldwide Standard

[1A[2K    Published shipping: Digital Delivery

[1A[2K    Published shipping: Local Pickup - Bitcoin Store

[1A[2K    Published payment: LIGHTNING_NETWORK

[1A[2K    Published V4V shares (10% to community)

[1A[2K    Published product: Bitcoin Hardware Wallet

[1A[2K    Published product: Nostr T-Shirt

[1A[2K    Published product: Bitcoin E-Book

[1A[2K    Published product: Bitcoin Conference Ticket

[1A[2K[6/10] [chromium] › e2e/tests/payments.spec.ts:188:2 › NWC Wallet Management › can delete an NWC wallet
[1A[2K[7/10] [chromium] › e2e/tests/payments.spec.ts:317:2 › Checkout Flow › empty cart shows redirect message
[1A[2K[8/10] [chromium] › e2e/tests/payments.spec.ts:329:7 › Checkout Flow › full checkout flow with mocked Lightning invoices
[1A[2K[9/10] [chromium] › e2e/tests/payments.spec.ts:352:7 › Checkout Flow › checkout publishes order events to relay
[1A[2K[10/10] [chromium] › e2e/tests/payments.spec.ts:387:7 › Checkout Flow › allows buyer to defer an invoice and continue checkout

--- E2E Global Teardown ---
  Cleanup complete
[1A[2K  1 failed
    [chromium] › e2e/tests/payments.spec.ts:144:2 › NWC Wallet Management › empty state shows add wallet prompt 
  3 skipped
  6 passed (1.4m)
  [ 15/30] payments                     [ndk]       run 5/5  FAIL  89s
[1A[2K[WebServer] 
[WebServer] --- Seeding relay for e2e tests ---
[WebServer]   App pubkey: ed29ae1859d35e17...

[1A[2K[WebServer]   Published app settings (Kind 31990)

[1A[2K[WebServer]   Published admin list (Kind 30000)

[1A[2K[WebServer]   Published relay list (Kind 10002)

[1A[2K[WebServer] --- Relay seeding complete ---
[WebServer] 

[1A[2K[WebServer] [0m[2m[35m$[0m [2m[1mbun --hot src/index.tsx --host 0.0.0.0[0m

[1A[2K[WebServer] Fetching app settings from relay: ws://localhost:10547 for pubkey: ed29ae1859d35e17c8f9b9a1a21bd135881ddd2f8783466dd03723f439727035

[1A[2K[WebServer] Bootstrap manager initialized in bootstrap mode

[1A[2K[WebServer] Bootstrap manager initialized in bootstrap mode

[1A[2K[WebServer] App port: 34567

[1A[2K[WebServer] 🚀 Server running at http://localhost:34567/

[1A[2K[WebServer] Fetching with filter: {"kinds":[31990],"authors":["ed29ae1859d35e17c8f9b9a1a21bd135881ddd2f8783466dd03723f439727035"],"#d":["plebeian-market-handler"],"limit":1}

[1A[2K[WebServer] NDK service connected to relay: ws://localhost:10547


--- E2E Global Setup ---
  App pubkey: ed29ae1859d35e17...
[1A[2K[WebServer] Fetch returned 1 events
[WebServer] Found 1 app settings events

[1A[2K[WebServer] App settings loaded successfully

[1A[2K[WebServer] Found existing setup event

[1A[2K[WebServer] Found existing admin list, updating internal list

[1A[2K[WebServer] Updated admin list with 2 admins: [ [0m[32m"ed29ae1859d35e17c8f9b9a1a21bd135881ddd2f8783466dd03723f439727035"[0m[0m[0m[2m,[0m
[WebServer]   [0m[32m"86a82cab18b293f53cbaaae8cdcbee3f7ec427fdf9f9c933db77800bb5ef38a0"[0m[0m
[WebServer] ]

  Server health: OK (app settings loaded)
--- Global Setup Complete ---

[1A[2K[WebServer] [vanity-urls] No existing registry found
[WebServer] [nip05-names] No existing registry found
[WebServer] Subscribed to zap purchase receipts (App relay)
[WebServer] Connecting to zap relays: ws://localhost:10547, wss://relay.damus.io, wss://nos.lol, wss://relay.nostr.net, wss://relay.minibits.cash, wss://relay.coinos.io, wss://nwc.primal.net, wss://relay.primal.net


Running 7 tests using 1 worker

[1A[2K[WebServer] Subscribed to zap purchase receipts (Zap relays)
[WebServer] EventHandler initialized successfully
[WebServer] ✅ EventHandler initialized successfully

[1A[2K[1/7] [chromium] › e2e/tests/pii-exposure-remediation.spec.ts:177:2 › PII Exposure Remediation Workflow › scanner flags affected kind 16 order events with sensitive delivery/contact fields
[1A[2K[chromium] › e2e/tests/pii-exposure-remediation.spec.ts:177:2 › PII Exposure Remediation Workflow › scanner flags affected kind 16 order events with sensitive delivery/contact fields
  Seeding: base (user profiles)

[1A[2K    Published profile: TestMerchant

[1A[2K    Published profile: TestBuyer

[1A[2K    Published profile: TestApp

[1A[2K    Published admin list with devUser1

[1A[2K[WebServer] Live admin list update received (created_at=1783162567)

[1A[2K[WebServer] Updated admin list with 2 admins: [ [0m[32m"ed29ae1859d35e17c8f9b9a1a21bd135881ddd2f8783466dd03723f439727035"[0m[0m[0m[2m,[0m
[WebServer]   [0m[32m"86a82cab18b293f53cbaaae8cdcbee3f7ec427fdf9f9c933db77800bb5ef38a0"[0m[0m
[WebServer] ]

[1A[2K[WebServer] [32mBundled page in 3223ms[0m[2m:[0m src/index.html

[1A[2KDeleted 1 kind 16 events

[1A[2K[2/7] [chromium] › e2e/tests/pii-exposure-remediation.spec.ts:214:2 › PII Exposure Remediation Workflow › scanner ignores unrelated/non-PII events
[1A[2K[chromium] › e2e/tests/pii-exposure-remediation.spec.ts:214:2 › PII Exposure Remediation Workflow › scanner ignores unrelated/non-PII events
Deleted 1 kind 16 events

[1A[2K[3/7] [chromium] › e2e/tests/pii-exposure-remediation.spec.ts:255:2 › PII Exposure Remediation Workflow › successfully deletes PII events through UI and confirms deletion via relay query
[1A[2K[chromium] › e2e/tests/pii-exposure-remediation.spec.ts:255:2 › PII Exposure Remediation Workflow › successfully deletes PII events through UI and confirms deletion via relay query
Deleted 1 kind 16 events

[1A[2K  1) [chromium] › e2e/tests/pii-exposure-remediation.spec.ts:255:2 › PII Exposure Remediation Workflow › successfully deletes PII events through UI and confirms deletion via relay query 

    Error: [2mexpect([22m[31mreceived[39m[2m).[22mtoBe[2m([22m[32mexpected[39m[2m) // Object.is equality[22m

    Expected: [32mtrue[39m
    Received: [31mfalse[39m

      264 | 		// Wait for PII modal to appear using header text detection
      265 | 		const modalVisible = await waitForPIIModal(merchantPage, 10000)
    > 266 | 		expect(modalVisible).toBe(true)
          | 		                     ^
      267 |
      268 | 		// Click the "Request Deletion and Verify" button
      269 | 		await merchantPage.click('button:has-text("Request Deletion and Verify")')
        at /home/c03rad0r/market/e2e/tests/pii-exposure-remediation.spec.ts:266:24

    attachment #1: screenshot (image/png) ──────────────────────────────────────────────────────────
    test-results/pii-exposure-remediation-P-ec54b-ms-deletion-via-relay-query-chromium/test-failed-1.png
    ────────────────────────────────────────────────────────────────────────────────────────────────

    Error Context: test-results/pii-exposure-remediation-P-ec54b-ms-deletion-via-relay-query-chromium/error-context.md


[1A[2K[4/7] [chromium] › e2e/tests/pii-exposure-remediation.spec.ts:297:2 › PII Exposure Remediation Workflow › prevents deletion of events not authored by the current user
[1A[2K[chromium] › e2e/tests/pii-exposure-remediation.spec.ts:297:2 › PII Exposure Remediation Workflow › prevents deletion of events not authored by the current user
  Seeding: base (user profiles)

[1A[2K    Published profile: TestMerchant

[1A[2K    Published profile: TestBuyer

[1A[2K    Published profile: TestApp

[1A[2K    Published admin list with devUser1

[1A[2K[WebServer] Live admin list update received (created_at=1783162608)
[WebServer] Updated admin list with 2 admins: [ [0m[32m"ed29ae1859d35e17c8f9b9a1a21bd135881ddd2f8783466dd03723f439727035"[0m[0m[0m[2m,[0m
[WebServer]   [0m[32m"86a82cab18b293f53cbaaae8cdcbee3f7ec427fdf9f9c933db77800bb5ef38a0"[0m[0m
[WebServer] ]

[1A[2K[5/7] [chromium] › e2e/tests/pii-exposure-remediation.spec.ts:321:2 › PII Exposure Remediation Workflow › modal copy says "request deleted," not "deleted"
[1A[2K[chromium] › e2e/tests/pii-exposure-remediation.spec.ts:321:2 › PII Exposure Remediation Workflow › modal copy says "request deleted," not "deleted"
Deleted 1 kind 16 events

[1A[2K  2) [chromium] › e2e/tests/pii-exposure-remediation.spec.ts:321:2 › PII Exposure Remediation Workflow › modal copy says "request deleted," not "deleted" 

    Error: [2mexpect([22m[31mreceived[39m[2m).[22mtoBe[2m([22m[32mexpected[39m[2m) // Object.is equality[22m

    Expected: [32mtrue[39m
    Received: [31mfalse[39m

      330 | 		// Wait for PII modal to appear using header text detection
      331 | 		const modalVisible = await waitForPIIModal(merchantPage, 10000)
    > 332 | 		expect(modalVisible).toBe(true)
          | 		                     ^
      333 |
      334 | 		// Check button text
      335 | 		const buttonText = await merchantPage.locator('button:has-text("Request Deletion and Verify")').textContent()
        at /home/c03rad0r/market/e2e/tests/pii-exposure-remediation.spec.ts:332:24

    attachment #1: screenshot (image/png) ──────────────────────────────────────────────────────────
    test-results/pii-exposure-remediation-P-26734-equest-deleted-not-deleted--chromium/test-failed-1.png
    ────────────────────────────────────────────────────────────────────────────────────────────────

    Error Context: test-results/pii-exposure-remediation-P-26734-equest-deleted-not-deleted--chromium/error-context.md


[1A[2K[6/7] [chromium] › e2e/tests/pii-exposure-remediation.spec.ts:340:2 › PII Exposure Remediation Workflow › hides raw PII values in UI showing only field types
[1A[2K[chromium] › e2e/tests/pii-exposure-remediation.spec.ts:340:2 › PII Exposure Remediation Workflow › hides raw PII values in UI showing only field types
  Seeding: base (user profiles)

[1A[2K    Published profile: TestMerchant

[1A[2K    Published profile: TestBuyer

[1A[2K    Published profile: TestApp

[1A[2K    Published admin list with devUser1

[1A[2K[WebServer] Live admin list update received (created_at=1783162639)
[WebServer] Updated admin list with 2 admins: [ [0m[32m"ed29ae1859d35e17c8f9b9a1a21bd135881ddd2f8783466dd03723f439727035"[0m[0m[0m[2m,[0m
[WebServer]   [0m[32m"86a82cab18b293f53cbaaae8cdcbee3f7ec427fdf9f9c933db77800bb5ef38a0"[0m[0m
[WebServer] ]

[1A[2KDeleted 1 kind 16 events

[1A[2K  3) [chromium] › e2e/tests/pii-exposure-remediation.spec.ts:340:2 › PII Exposure Remediation Workflow › hides raw PII values in UI showing only field types 

    Error: [2mexpect([22m[31mreceived[39m[2m).[22mtoBe[2m([22m[32mexpected[39m[2m) // Object.is equality[22m

    Expected: [32mtrue[39m
    Received: [31mfalse[39m

      349 | 		// Wait for PII modal to appear using header text detection
      350 | 		const modalVisible = await waitForPIIModal(merchantPage, 10000)
    > 351 | 		expect(modalVisible).toBe(true)
          | 		                     ^
      352 |
      353 | 		// Get modal content
      354 | 		const modalContent = await (await merchantPage.getByRole('dialog', { name: 'Personal Information Leak' }).allTextContents()).join('')
        at /home/c03rad0r/market/e2e/tests/pii-exposure-remediation.spec.ts:351:24

    attachment #1: screenshot (image/png) ──────────────────────────────────────────────────────────
    test-results/pii-exposure-remediation-P-a1c91-UI-showing-only-field-types-chromium/test-failed-1.png
    ────────────────────────────────────────────────────────────────────────────────────────────────

    Error Context: test-results/pii-exposure-remediation-P-a1c91-UI-showing-only-field-types-chromium/error-context.md


[1A[2K[7/7] [chromium] › e2e/tests/pii-exposure-remediation.spec.ts:376:2 › PII Exposure Remediation Workflow › completely executes deletion workflow and verifies event removal
[1A[2K[chromium] › e2e/tests/pii-exposure-remediation.spec.ts:376:2 › PII Exposure Remediation Workflow › completely executes deletion workflow and verifies event removal
  Seeding: base (user profiles)

[1A[2K    Published profile: TestMerchant

[1A[2K    Published profile: TestBuyer

[1A[2K    Published profile: TestApp

[1A[2K    Published admin list with devUser1

[1A[2K[WebServer] Live admin list update received (created_at=1783162658)
[WebServer] Updated admin list with 2 admins: [ [0m[32m"ed29ae1859d35e17c8f9b9a1a21bd135881ddd2f8783466dd03723f439727035"[0m[0m[0m[2m,[0m
[WebServer]   [0m[32m"86a82cab18b293f53cbaaae8cdcbee3f7ec427fdf9f9c933db77800bb5ef38a0"[0m[0m
[WebServer] ]

[1A[2KDeleted 2 kind 16 events

[1A[2K  4) [chromium] › e2e/tests/pii-exposure-remediation.spec.ts:376:2 › PII Exposure Remediation Workflow › completely executes deletion workflow and verifies event removal 

    Error: [2mexpect([22m[31mreceived[39m[2m).[22mtoBe[2m([22m[32mexpected[39m[2m) // Object.is equality[22m

    Expected: [32mtrue[39m
    Received: [31mfalse[39m

      388 | 		// Wait for PII modal to appear
      389 | 		const modalVisible = await waitForPIIModal(merchantPage, 10000)
    > 390 | 		expect(modalVisible).toBe(true)
          | 		                     ^
      391 |
      392 | 		// Verify both events are listed in the modal
      393 | 		const event1ListItem = await merchantPage.locator(`li:has-text("Event ${piiEvent1.id.substring(0, 8)}")`)
        at /home/c03rad0r/market/e2e/tests/pii-exposure-remediation.spec.ts:390:24

    attachment #1: screenshot (image/png) ──────────────────────────────────────────────────────────
    test-results/pii-exposure-remediation-P-1fdf5--and-verifies-event-removal-chromium/test-failed-1.png
    ────────────────────────────────────────────────────────────────────────────────────────────────

    Error Context: test-results/pii-exposure-remediation-P-1fdf5--and-verifies-event-removal-chromium/error-context.md



--- E2E Global Teardown ---
  Cleanup complete
[1A[2K  4 failed
    [chromium] › e2e/tests/pii-exposure-remediation.spec.ts:255:2 › PII Exposure Remediation Workflow › successfully deletes PII events through UI and confirms deletion via relay query 
    [chromium] › e2e/tests/pii-exposure-remediation.spec.ts:321:2 › PII Exposure Remediation Workflow › modal copy says "request deleted," not "deleted" 
    [chromium] › e2e/tests/pii-exposure-remediation.spec.ts:340:2 › PII Exposure Remediation Workflow › hides raw PII values in UI showing only field types 
    [chromium] › e2e/tests/pii-exposure-remediation.spec.ts:376:2 › PII Exposure Remediation Workflow › completely executes deletion workflow and verifies event removal 
  3 passed (1.9m)
  [ 16/30] pii-exposure-remediation     [ndk]       run 1/5  FAIL  114s
[1A[2K[WebServer] 
[WebServer] --- Seeding relay for e2e tests ---
[WebServer]   App pubkey: ed29ae1859d35e17...

[1A[2K[WebServer]   Published app settings (Kind 31990)

[1A[2K[WebServer]   Published admin list (Kind 30000)

[1A[2K[WebServer]   Published relay list (Kind 10002)

[1A[2K[WebServer] --- Relay seeding complete ---
[WebServer] 

[1A[2K[WebServer] [0m[2m[35m$[0m [2m[1mbun --hot src/index.tsx --host 0.0.0.0[0m

[1A[2K[WebServer] Fetching app settings from relay: ws://localhost:10547 for pubkey: ed29ae1859d35e17c8f9b9a1a21bd135881ddd2f8783466dd03723f439727035

[1A[2K[WebServer] Bootstrap manager initialized in bootstrap mode

[1A[2K[WebServer] Bootstrap manager initialized in bootstrap mode

[1A[2K[WebServer] App port: 34567

[1A[2K[WebServer] 🚀 Server running at http://localhost:34567/

[1A[2K[WebServer] Fetching with filter: {"kinds":[31990],"authors":["ed29ae1859d35e17c8f9b9a1a21bd135881ddd2f8783466dd03723f439727035"],"#d":["plebeian-market-handler"],"limit":1}

[1A[2K[WebServer] NDK service connected to relay: ws://localhost:10547

[1A[2K[WebServer] Fetch returned 1 events
[WebServer] Found 1 app settings events

[1A[2K[WebServer] App settings loaded successfully

[1A[2K[WebServer] Found existing admin list, updating internal list

[1A[2K[WebServer] Updated admin list with 2 admins: [ [0m[32m"ed29ae1859d35e17c8f9b9a1a21bd135881ddd2f8783466dd03723f439727035"[0m[0m[0m[2m,[0m
[WebServer]   [0m[32m"86a82cab18b293f53cbaaae8cdcbee3f7ec427fdf9f9c933db77800bb5ef38a0"[0m[0m
[WebServer] ]
[WebServer] Found existing setup event

[1A[2K[WebServer] [vanity-urls] No existing registry found

[1A[2K[WebServer] [nip05-names] No existing registry found

[1A[2K[WebServer] Subscribed to zap purchase receipts (App relay)
[WebServer] Connecting to zap relays: ws://localhost:10547, wss://relay.damus.io, wss://nos.lol, wss://relay.nostr.net, wss://relay.minibits.cash, wss://relay.coinos.io, wss://nwc.primal.net, wss://relay.primal.net


--- E2E Global Setup ---
  App pubkey: ed29ae1859d35e17...
  Server health: OK (app settings loaded)
--- Global Setup Complete ---


Running 7 tests using 1 worker

[1A[2K[WebServer] Subscribed to zap purchase receipts (Zap relays)
[WebServer] EventHandler initialized successfully
[WebServer] ✅ EventHandler initialized successfully

[1A[2K[1/7] [chromium] › e2e/tests/pii-exposure-remediation.spec.ts:177:2 › PII Exposure Remediation Workflow › scanner flags affected kind 16 order events with sensitive delivery/contact fields
[1A[2K[chromium] › e2e/tests/pii-exposure-remediation.spec.ts:177:2 › PII Exposure Remediation Workflow › scanner flags affected kind 16 order events with sensitive delivery/contact fields
  Seeding: base (user profiles)

[1A[2K    Published profile: TestMerchant

[1A[2K    Published profile: TestBuyer

[1A[2K    Published profile: TestApp

[1A[2K    Published admin list with devUser1

[1A[2K[WebServer] Live admin list update received (created_at=1783162686)
[WebServer] Updated admin list with 2 admins: [ [0m[32m"ed29ae1859d35e17c8f9b9a1a21bd135881ddd2f8783466dd03723f439727035"[0m[0m[0m[2m,[0m
[WebServer]   [0m[32m"86a82cab18b293f53cbaaae8cdcbee3f7ec427fdf9f9c933db77800bb5ef38a0"[0m[0m
[WebServer] ]

[1A[2K[WebServer] [32mBundled page in 5675ms[0m[2m:[0m src/index.html

[1A[2KDeleted 1 kind 16 events

[1A[2K[2/7] [chromium] › e2e/tests/pii-exposure-remediation.spec.ts:214:2 › PII Exposure Remediation Workflow › scanner ignores unrelated/non-PII events
[1A[2K[chromium] › e2e/tests/pii-exposure-remediation.spec.ts:214:2 › PII Exposure Remediation Workflow › scanner ignores unrelated/non-PII events
Deleted 1 kind 16 events

[1A[2K[3/7] [chromium] › e2e/tests/pii-exposure-remediation.spec.ts:255:2 › PII Exposure Remediation Workflow › successfully deletes PII events through UI and confirms deletion via relay query
[1A[2K[chromium] › e2e/tests/pii-exposure-remediation.spec.ts:255:2 › PII Exposure Remediation Workflow › successfully deletes PII events through UI and confirms deletion via relay query
Deleted 1 kind 16 events

[1A[2K  1) [chromium] › e2e/tests/pii-exposure-remediation.spec.ts:255:2 › PII Exposure Remediation Workflow › successfully deletes PII events through UI and confirms deletion via relay query 

    Error: [2mexpect([22m[31mreceived[39m[2m).[22mtoBe[2m([22m[32mexpected[39m[2m) // Object.is equality[22m

    Expected: [32mtrue[39m
    Received: [31mfalse[39m

      264 | 		// Wait for PII modal to appear using header text detection
      265 | 		const modalVisible = await waitForPIIModal(merchantPage, 10000)
    > 266 | 		expect(modalVisible).toBe(true)
          | 		                     ^
      267 |
      268 | 		// Click the "Request Deletion and Verify" button
      269 | 		await merchantPage.click('button:has-text("Request Deletion and Verify")')
        at /home/c03rad0r/market/e2e/tests/pii-exposure-remediation.spec.ts:266:24

    attachment #1: screenshot (image/png) ──────────────────────────────────────────────────────────
    test-results/pii-exposure-remediation-P-ec54b-ms-deletion-via-relay-query-chromium/test-failed-1.png
    ────────────────────────────────────────────────────────────────────────────────────────────────

    Error Context: test-results/pii-exposure-remediation-P-ec54b-ms-deletion-via-relay-query-chromium/error-context.md


[1A[2K[4/7] [chromium] › e2e/tests/pii-exposure-remediation.spec.ts:297:2 › PII Exposure Remediation Workflow › prevents deletion of events not authored by the current user
[1A[2K[chromium] › e2e/tests/pii-exposure-remediation.spec.ts:297:2 › PII Exposure Remediation Workflow › prevents deletion of events not authored by the current user
  Seeding: base (user profiles)

[1A[2K    Published profile: TestMerchant

[1A[2K    Published profile: TestBuyer

[1A[2K    Published profile: TestApp

[1A[2K    Published admin list with devUser1

[1A[2K[WebServer] Live admin list update received (created_at=1783162726)
[WebServer] Updated admin list with 2 admins: [ [0m[32m"ed29ae1859d35e17c8f9b9a1a21bd135881ddd2f8783466dd03723f439727035"[0m[0m[0m[2m,[0m
[WebServer]   [0m[32m"86a82cab18b293f53cbaaae8cdcbee3f7ec427fdf9f9c933db77800bb5ef38a0"[0m[0m
[WebServer] ]

[1A[2K[5/7] [chromium] › e2e/tests/pii-exposure-remediation.spec.ts:321:2 › PII Exposure Remediation Workflow › modal copy says "request deleted," not "deleted"
[1A[2K[chromium] › e2e/tests/pii-exposure-remediation.spec.ts:321:2 › PII Exposure Remediation Workflow › modal copy says "request deleted," not "deleted"
Deleted 1 kind 16 events

[1A[2K  2) [chromium] › e2e/tests/pii-exposure-remediation.spec.ts:321:2 › PII Exposure Remediation Workflow › modal copy says "request deleted," not "deleted" 

    Error: [2mexpect([22m[31mreceived[39m[2m).[22mtoBe[2m([22m[32mexpected[39m[2m) // Object.is equality[22m

    Expected: [32mtrue[39m
    Received: [31mfalse[39m

      330 | 		// Wait for PII modal to appear using header text detection
      331 | 		const modalVisible = await waitForPIIModal(merchantPage, 10000)
    > 332 | 		expect(modalVisible).toBe(true)
          | 		                     ^
      333 |
      334 | 		// Check button text
      335 | 		const buttonText = await merchantPage.locator('button:has-text("Request Deletion and Verify")').textContent()
        at /home/c03rad0r/market/e2e/tests/pii-exposure-remediation.spec.ts:332:24

    attachment #1: screenshot (image/png) ──────────────────────────────────────────────────────────
    test-results/pii-exposure-remediation-P-26734-equest-deleted-not-deleted--chromium/test-failed-1.png
    ────────────────────────────────────────────────────────────────────────────────────────────────

    Error Context: test-results/pii-exposure-remediation-P-26734-equest-deleted-not-deleted--chromium/error-context.md


[1A[2K[6/7] [chromium] › e2e/tests/pii-exposure-remediation.spec.ts:340:2 › PII Exposure Remediation Workflow › hides raw PII values in UI showing only field types
[1A[2K[chromium] › e2e/tests/pii-exposure-remediation.spec.ts:340:2 › PII Exposure Remediation Workflow › hides raw PII values in UI showing only field types
  Seeding: base (user profiles)

[1A[2K    Published profile: TestMerchant

[1A[2K    Published profile: TestBuyer

[1A[2K    Published profile: TestApp

[1A[2K    Published admin list with devUser1

[1A[2K[WebServer] Live admin list update received (created_at=1783162755)
[WebServer] Updated admin list with 2 admins: [ [0m[32m"ed29ae1859d35e17c8f9b9a1a21bd135881ddd2f8783466dd03723f439727035"[0m[0m[0m[2m,[0m
[WebServer]   [0m[32m"86a82cab18b293f53cbaaae8cdcbee3f7ec427fdf9f9c933db77800bb5ef38a0"[0m[0m
[WebServer] ]

[1A[2KDeleted 1 kind 16 events

[1A[2K  3) [chromium] › e2e/tests/pii-exposure-remediation.spec.ts:340:2 › PII Exposure Remediation Workflow › hides raw PII values in UI showing only field types 

    Error: [2mexpect([22m[31mreceived[39m[2m).[22mtoBe[2m([22m[32mexpected[39m[2m) // Object.is equality[22m

    Expected: [32mtrue[39m
    Received: [31mfalse[39m

      349 | 		// Wait for PII modal to appear using header text detection
      350 | 		const modalVisible = await waitForPIIModal(merchantPage, 10000)
    > 351 | 		expect(modalVisible).toBe(true)
          | 		                     ^
      352 |
      353 | 		// Get modal content
      354 | 		const modalContent = await (await merchantPage.getByRole('dialog', { name: 'Personal Information Leak' }).allTextContents()).join('')
        at /home/c03rad0r/market/e2e/tests/pii-exposure-remediation.spec.ts:351:24

    attachment #1: screenshot (image/png) ──────────────────────────────────────────────────────────
    test-results/pii-exposure-remediation-P-a1c91-UI-showing-only-field-types-chromium/test-failed-1.png
    ────────────────────────────────────────────────────────────────────────────────────────────────

    Error Context: test-results/pii-exposure-remediation-P-a1c91-UI-showing-only-field-types-chromium/error-context.md


[1A[2K[7/7] [chromium] › e2e/tests/pii-exposure-remediation.spec.ts:376:2 › PII Exposure Remediation Workflow › completely executes deletion workflow and verifies event removal
[1A[2K[chromium] › e2e/tests/pii-exposure-remediation.spec.ts:376:2 › PII Exposure Remediation Workflow › completely executes deletion workflow and verifies event removal
  Seeding: base (user profiles)

[1A[2K    Published profile: TestMerchant

[1A[2K    Published profile: TestBuyer

[1A[2K    Published profile: TestApp

[1A[2K    Published admin list with devUser1

[1A[2K[WebServer] Live admin list update received (created_at=1783162772)
[WebServer] Updated admin list with 2 admins: [ [0m[32m"ed29ae1859d35e17c8f9b9a1a21bd135881ddd2f8783466dd03723f439727035"[0m[0m[0m[2m,[0m
[WebServer]   [0m[32m"86a82cab18b293f53cbaaae8cdcbee3f7ec427fdf9f9c933db77800bb5ef38a0"[0m[0m
[WebServer] ]

[1A[2KDeleted 2 kind 16 events

[1A[2K  4) [chromium] › e2e/tests/pii-exposure-remediation.spec.ts:376:2 › PII Exposure Remediation Workflow › completely executes deletion workflow and verifies event removal 

    Error: [2mexpect([22m[31mreceived[39m[2m).[22mtoBe[2m([22m[32mexpected[39m[2m) // Object.is equality[22m

    Expected: [32mtrue[39m
    Received: [31mfalse[39m

      388 | 		// Wait for PII modal to appear
      389 | 		const modalVisible = await waitForPIIModal(merchantPage, 10000)
    > 390 | 		expect(modalVisible).toBe(true)
          | 		                     ^
      391 |
      392 | 		// Verify both events are listed in the modal
      393 | 		const event1ListItem = await merchantPage.locator(`li:has-text("Event ${piiEvent1.id.substring(0, 8)}")`)
        at /home/c03rad0r/market/e2e/tests/pii-exposure-remediation.spec.ts:390:24

    attachment #1: screenshot (image/png) ──────────────────────────────────────────────────────────
    test-results/pii-exposure-remediation-P-1fdf5--and-verifies-event-removal-chromium/test-failed-1.png
    ────────────────────────────────────────────────────────────────────────────────────────────────

    Error Context: test-results/pii-exposure-remediation-P-1fdf5--and-verifies-event-removal-chromium/error-context.md



--- E2E Global Teardown ---
  Cleanup complete
[1A[2K  4 failed
    [chromium] › e2e/tests/pii-exposure-remediation.spec.ts:255:2 › PII Exposure Remediation Workflow › successfully deletes PII events through UI and confirms deletion via relay query 
    [chromium] › e2e/tests/pii-exposure-remediation.spec.ts:321:2 › PII Exposure Remediation Workflow › modal copy says "request deleted," not "deleted" 
    [chromium] › e2e/tests/pii-exposure-remediation.spec.ts:340:2 › PII Exposure Remediation Workflow › hides raw PII values in UI showing only field types 
    [chromium] › e2e/tests/pii-exposure-remediation.spec.ts:376:2 › PII Exposure Remediation Workflow › completely executes deletion workflow and verifies event removal 
  3 passed (1.8m)
  [ 17/30] pii-exposure-remediation     [ndk]       run 2/5  FAIL  111s
[1A[2K[WebServer] 
[WebServer] --- Seeding relay for e2e tests ---
[WebServer]   App pubkey: ed29ae1859d35e17...

[1A[2K[WebServer]   Published app settings (Kind 31990)

[1A[2K[WebServer]   Published admin list (Kind 30000)

[1A[2K[WebServer]   Published relay list (Kind 10002)

[1A[2K[WebServer] --- Relay seeding complete ---
[WebServer] 

[1A[2K[WebServer] [0m[2m[35m$[0m [2m[1mbun --hot src/index.tsx --host 0.0.0.0[0m

[1A[2K[WebServer] Fetching app settings from relay: ws://localhost:10547 for pubkey: ed29ae1859d35e17c8f9b9a1a21bd135881ddd2f8783466dd03723f439727035

[1A[2K[WebServer] Bootstrap manager initialized in bootstrap mode

[1A[2K[WebServer] Bootstrap manager initialized in bootstrap mode

[1A[2K[WebServer] App port: 34567

[1A[2K[WebServer] 🚀 Server running at http://localhost:34567/

[1A[2K[WebServer] NDK service connected to relay: ws://localhost:10547

[1A[2K[WebServer] Found existing setup event

[1A[2K[WebServer] Found existing admin list, updating internal list
[WebServer] Updated admin list with 2 admins: [ [0m[32m"ed29ae1859d35e17c8f9b9a1a21bd135881ddd2f8783466dd03723f439727035"[0m[0m[0m[2m,[0m
[WebServer]   [0m[32m"86a82cab18b293f53cbaaae8cdcbee3f7ec427fdf9f9c933db77800bb5ef38a0"[0m[0m
[WebServer] ]

[1A[2K[WebServer] Fetching with filter: {"kinds":[31990],"authors":["ed29ae1859d35e17c8f9b9a1a21bd135881ddd2f8783466dd03723f439727035"],"#d":["plebeian-market-handler"],"limit":1}

[1A[2K[WebServer] Fetch returned 1 events
[WebServer] Found 1 app settings events

[1A[2K[WebServer] App settings loaded successfully


--- E2E Global Setup ---
  App pubkey: ed29ae1859d35e17...
  Server health: OK (app settings loaded)
--- Global Setup Complete ---

[1A[2K[WebServer] [vanity-urls] No existing registry found
[WebServer] [nip05-names] No existing registry found
[WebServer] Subscribed to zap purchase receipts (App relay)
[WebServer] Connecting to zap relays: ws://localhost:10547, wss://relay.damus.io, wss://nos.lol, wss://relay.nostr.net, wss://relay.minibits.cash, wss://relay.coinos.io, wss://nwc.primal.net, wss://relay.primal.net


Running 7 tests using 1 worker

[1A[2K[WebServer] Subscribed to zap purchase receipts (Zap relays)
[WebServer] EventHandler initialized successfully

[1A[2K[WebServer] ✅ EventHandler initialized successfully

[1A[2K[1/7] [chromium] › e2e/tests/pii-exposure-remediation.spec.ts:177:2 › PII Exposure Remediation Workflow › scanner flags affected kind 16 order events with sensitive delivery/contact fields
[1A[2K[chromium] › e2e/tests/pii-exposure-remediation.spec.ts:177:2 › PII Exposure Remediation Workflow › scanner flags affected kind 16 order events with sensitive delivery/contact fields
  Seeding: base (user profiles)

[1A[2K    Published profile: TestMerchant

[1A[2K    Published profile: TestBuyer

[1A[2K    Published profile: TestApp

[1A[2K    Published admin list with devUser1

[1A[2K[WebServer] Live admin list update received (created_at=1783162791)

[1A[2K[WebServer] Updated admin list with 2 admins: [ [0m[32m"ed29ae1859d35e17c8f9b9a1a21bd135881ddd2f8783466dd03723f439727035"[0m[0m[0m[2m,[0m
[WebServer]   [0m[32m"86a82cab18b293f53cbaaae8cdcbee3f7ec427fdf9f9c933db77800bb5ef38a0"[0m[0m
[WebServer] ]

[1A[2K[WebServer] [32mBundled page in 2781ms[0m[2m:[0m src/index.html

[1A[2KDeleted 1 kind 16 events

[1A[2K[2/7] [chromium] › e2e/tests/pii-exposure-remediation.spec.ts:214:2 › PII Exposure Remediation Workflow › scanner ignores unrelated/non-PII events
[1A[2K[chromium] › e2e/tests/pii-exposure-remediation.spec.ts:214:2 › PII Exposure Remediation Workflow › scanner ignores unrelated/non-PII events
Deleted 1 kind 16 events

[1A[2K[3/7] [chromium] › e2e/tests/pii-exposure-remediation.spec.ts:255:2 › PII Exposure Remediation Workflow › successfully deletes PII events through UI and confirms deletion via relay query
[1A[2K[chromium] › e2e/tests/pii-exposure-remediation.spec.ts:255:2 › PII Exposure Remediation Workflow › successfully deletes PII events through UI and confirms deletion via relay query
Deleted 1 kind 16 events

[1A[2K  1) [chromium] › e2e/tests/pii-exposure-remediation.spec.ts:255:2 › PII Exposure Remediation Workflow › successfully deletes PII events through UI and confirms deletion via relay query 

    Error: [2mexpect([22m[31mreceived[39m[2m).[22mtoBe[2m([22m[32mexpected[39m[2m) // Object.is equality[22m

    Expected: [32mtrue[39m
    Received: [31mfalse[39m

      264 | 		// Wait for PII modal to appear using header text detection
      265 | 		const modalVisible = await waitForPIIModal(merchantPage, 10000)
    > 266 | 		expect(modalVisible).toBe(true)
          | 		                     ^
      267 |
      268 | 		// Click the "Request Deletion and Verify" button
      269 | 		await merchantPage.click('button:has-text("Request Deletion and Verify")')
        at /home/c03rad0r/market/e2e/tests/pii-exposure-remediation.spec.ts:266:24

    attachment #1: screenshot (image/png) ──────────────────────────────────────────────────────────
    test-results/pii-exposure-remediation-P-ec54b-ms-deletion-via-relay-query-chromium/test-failed-1.png
    ────────────────────────────────────────────────────────────────────────────────────────────────

    Error Context: test-results/pii-exposure-remediation-P-ec54b-ms-deletion-via-relay-query-chromium/error-context.md


[1A[2K[4/7] [chromium] › e2e/tests/pii-exposure-remediation.spec.ts:297:2 › PII Exposure Remediation Workflow › prevents deletion of events not authored by the current user
[1A[2K[chromium] › e2e/tests/pii-exposure-remediation.spec.ts:297:2 › PII Exposure Remediation Workflow › prevents deletion of events not authored by the current user
  Seeding: base (user profiles)

[1A[2K    Published profile: TestMerchant

[1A[2K    Published profile: TestBuyer

[1A[2K    Published profile: TestApp

[1A[2K    Published admin list with devUser1

[1A[2K[WebServer] Live admin list update received (created_at=1783162840)

[1A[2K[WebServer] Updated admin list with 2 admins: [ [0m[32m"ed29ae1859d35e17c8f9b9a1a21bd135881ddd2f8783466dd03723f439727035"[0m[0m[0m[2m,[0m
[WebServer]   [0m[32m"86a82cab18b293f53cbaaae8cdcbee3f7ec427fdf9f9c933db77800bb5ef38a0"[0m[0m
[WebServer] ]

[1A[2K[5/7] [chromium] › e2e/tests/pii-exposure-remediation.spec.ts:321:2 › PII Exposure Remediation Workflow › modal copy says "request deleted," not "deleted"
[1A[2K[chromium] › e2e/tests/pii-exposure-remediation.spec.ts:321:2 › PII Exposure Remediation Workflow › modal copy says "request deleted," not "deleted"
Deleted 1 kind 16 events

[1A[2K  2) [chromium] › e2e/tests/pii-exposure-remediation.spec.ts:321:2 › PII Exposure Remediation Workflow › modal copy says "request deleted," not "deleted" 

    Error: [2mexpect([22m[31mreceived[39m[2m).[22mtoBe[2m([22m[32mexpected[39m[2m) // Object.is equality[22m

    Expected: [32mtrue[39m
    Received: [31mfalse[39m

      330 | 		// Wait for PII modal to appear using header text detection
      331 | 		const modalVisible = await waitForPIIModal(merchantPage, 10000)
    > 332 | 		expect(modalVisible).toBe(true)
          | 		                     ^
      333 |
      334 | 		// Check button text
      335 | 		const buttonText = await merchantPage.locator('button:has-text("Request Deletion and Verify")').textContent()
        at /home/c03rad0r/market/e2e/tests/pii-exposure-remediation.spec.ts:332:24

    attachment #1: screenshot (image/png) ──────────────────────────────────────────────────────────
    test-results/pii-exposure-remediation-P-26734-equest-deleted-not-deleted--chromium/test-failed-1.png
    ────────────────────────────────────────────────────────────────────────────────────────────────

    Error Context: test-results/pii-exposure-remediation-P-26734-equest-deleted-not-deleted--chromium/error-context.md


[1A[2K[6/7] [chromium] › e2e/tests/pii-exposure-remediation.spec.ts:340:2 › PII Exposure Remediation Workflow › hides raw PII values in UI showing only field types
[1A[2K[chromium] › e2e/tests/pii-exposure-remediation.spec.ts:340:2 › PII Exposure Remediation Workflow › hides raw PII values in UI showing only field types
  Seeding: base (user profiles)

[1A[2K    Published profile: TestMerchant

[1A[2K    Published profile: TestBuyer

[1A[2K    Published profile: TestApp

[1A[2K    Published admin list with devUser1

[1A[2K[WebServer] Live admin list update received (created_at=1783162887)
[WebServer] Updated admin list with 2 admins: [ [0m[32m"ed29ae1859d35e17c8f9b9a1a21bd135881ddd2f8783466dd03723f439727035"[0m[0m[0m[2m,[0m
[WebServer]   [0m[32m"86a82cab18b293f53cbaaae8cdcbee3f7ec427fdf9f9c933db77800bb5ef38a0"[0m[0m
[WebServer] ]

[1A[2KDeleted 1 kind 16 events

[1A[2K  3) [chromium] › e2e/tests/pii-exposure-remediation.spec.ts:340:2 › PII Exposure Remediation Workflow › hides raw PII values in UI showing only field types 

    Error: [2mexpect([22m[31mreceived[39m[2m).[22mtoBe[2m([22m[32mexpected[39m[2m) // Object.is equality[22m

    Expected: [32mtrue[39m
    Received: [31mfalse[39m

      349 | 		// Wait for PII modal to appear using header text detection
      350 | 		const modalVisible = await waitForPIIModal(merchantPage, 10000)
    > 351 | 		expect(modalVisible).toBe(true)
          | 		                     ^
      352 |
      353 | 		// Get modal content
      354 | 		const modalContent = await (await merchantPage.getByRole('dialog', { name: 'Personal Information Leak' }).allTextContents()).join('')
        at /home/c03rad0r/market/e2e/tests/pii-exposure-remediation.spec.ts:351:24

    attachment #1: screenshot (image/png) ──────────────────────────────────────────────────────────
    test-results/pii-exposure-remediation-P-a1c91-UI-showing-only-field-types-chromium/test-failed-1.png
    ────────────────────────────────────────────────────────────────────────────────────────────────

    Error Context: test-results/pii-exposure-remediation-P-a1c91-UI-showing-only-field-types-chromium/error-context.md


[1A[2K[7/7] [chromium] › e2e/tests/pii-exposure-remediation.spec.ts:376:2 › PII Exposure Remediation Workflow › completely executes deletion workflow and verifies event removal
[1A[2K[chromium] › e2e/tests/pii-exposure-remediation.spec.ts:376:2 › PII Exposure Remediation Workflow › completely executes deletion workflow and verifies event removal
  Seeding: base (user profiles)

[1A[2K    Published profile: TestMerchant

[1A[2K    Published profile: TestBuyer

[1A[2K    Published profile: TestApp

[1A[2K    Published admin list with devUser1

[1A[2K[WebServer] Live admin list update received (created_at=1783162910)
[WebServer] Updated admin list with 2 admins: [ [0m[32m"ed29ae1859d35e17c8f9b9a1a21bd135881ddd2f8783466dd03723f439727035"[0m[0m[0m[2m,[0m
[WebServer]   [0m[32m"86a82cab18b293f53cbaaae8cdcbee3f7ec427fdf9f9c933db77800bb5ef38a0"[0m[0m
[WebServer] ]

[1A[2KDeleted 2 kind 16 events

[1A[2K  4) [chromium] › e2e/tests/pii-exposure-remediation.spec.ts:376:2 › PII Exposure Remediation Workflow › completely executes deletion workflow and verifies event removal 

    Error: [2mexpect([22m[31mreceived[39m[2m).[22mtoBe[2m([22m[32mexpected[39m[2m) // Object.is equality[22m

    Expected: [32mtrue[39m
    Received: [31mfalse[39m

      388 | 		// Wait for PII modal to appear
      389 | 		const modalVisible = await waitForPIIModal(merchantPage, 10000)
    > 390 | 		expect(modalVisible).toBe(true)
          | 		                     ^
      391 |
      392 | 		// Verify both events are listed in the modal
      393 | 		const event1ListItem = await merchantPage.locator(`li:has-text("Event ${piiEvent1.id.substring(0, 8)}")`)
        at /home/c03rad0r/market/e2e/tests/pii-exposure-remediation.spec.ts:390:24

    attachment #1: screenshot (image/png) ──────────────────────────────────────────────────────────
    test-results/pii-exposure-remediation-P-1fdf5--and-verifies-event-removal-chromium/test-failed-1.png
    ────────────────────────────────────────────────────────────────────────────────────────────────

    Error Context: test-results/pii-exposure-remediation-P-1fdf5--and-verifies-event-removal-chromium/error-context.md



--- E2E Global Teardown ---
  Cleanup complete
[1A[2K  4 failed
    [chromium] › e2e/tests/pii-exposure-remediation.spec.ts:255:2 › PII Exposure Remediation Workflow › successfully deletes PII events through UI and confirms deletion via relay query 
    [chromium] › e2e/tests/pii-exposure-remediation.spec.ts:321:2 › PII Exposure Remediation Workflow › modal copy says "request deleted," not "deleted" 
    [chromium] › e2e/tests/pii-exposure-remediation.spec.ts:340:2 › PII Exposure Remediation Workflow › hides raw PII values in UI showing only field types 
    [chromium] › e2e/tests/pii-exposure-remediation.spec.ts:376:2 › PII Exposure Remediation Workflow › completely executes deletion workflow and verifies event removal 
  3 passed (2.4m)
  [ 18/30] pii-exposure-remediation     [ndk]       run 3/5  FAIL  147s
[1A[2K[WebServer] 
[WebServer] --- Seeding relay for e2e tests ---
[WebServer]   App pubkey: ed29ae1859d35e17...

[1A[2K[WebServer]   Published app settings (Kind 31990)

[1A[2K[WebServer]   Published admin list (Kind 30000)

[1A[2K[WebServer]   Published relay list (Kind 10002)

[1A[2K[WebServer] --- Relay seeding complete ---
[WebServer] 

[1A[2K[WebServer] [0m[2m[35m$[0m [2m[1mbun --hot src/index.tsx --host 0.0.0.0[0m

[1A[2K[WebServer] Fetching app settings from relay: ws://localhost:10547 for pubkey: ed29ae1859d35e17c8f9b9a1a21bd135881ddd2f8783466dd03723f439727035

[1A[2K[WebServer] Bootstrap manager initialized in bootstrap mode

[1A[2K[WebServer] Bootstrap manager initialized in bootstrap mode

[1A[2K[WebServer] App port: 34567

[1A[2K[WebServer] 🚀 Server running at http://localhost:34567/

[1A[2K[WebServer] NDK service connected to relay: ws://localhost:10547

[1A[2K[WebServer] Fetching with filter: {"kinds":[31990],"authors":["ed29ae1859d35e17c8f9b9a1a21bd135881ddd2f8783466dd03723f439727035"],"#d":["plebeian-market-handler"],"limit":1}

[1A[2K[WebServer] Found existing setup event

[1A[2K[WebServer] Found existing admin list, updating internal list

[1A[2K[WebServer] Updated admin list with 2 admins: [ [0m[32m"ed29ae1859d35e17c8f9b9a1a21bd135881ddd2f8783466dd03723f439727035"[0m[0m[0m[2m,[0m
[WebServer]   [0m[32m"86a82cab18b293f53cbaaae8cdcbee3f7ec427fdf9f9c933db77800bb5ef38a0"[0m[0m
[WebServer] ]

[1A[2K[WebServer] Fetch returned 1 events

[1A[2K[WebServer] Found 1 app settings events

[1A[2K[WebServer] App settings loaded successfully

[1A[2K[WebServer] [vanity-urls] No existing registry found

[1A[2K[WebServer] [nip05-names] No existing registry found

[1A[2K[WebServer] Subscribed to zap purchase receipts (App relay)
[WebServer] Connecting to zap relays: ws://localhost:10547, wss://relay.damus.io, wss://nos.lol, wss://relay.nostr.net, wss://relay.minibits.cash, wss://relay.coinos.io, wss://nwc.primal.net, wss://relay.primal.net


--- E2E Global Setup ---
  App pubkey: ed29ae1859d35e17...
  Server health: OK (app settings loaded)
--- Global Setup Complete ---


Running 7 tests using 1 worker

[1A[2K[WebServer] Subscribed to zap purchase receipts (Zap relays)
[WebServer] EventHandler initialized successfully
[WebServer] ✅ EventHandler initialized successfully

[1A[2K[1/7] [chromium] › e2e/tests/pii-exposure-remediation.spec.ts:177:2 › PII Exposure Remediation Workflow › scanner flags affected kind 16 order events with sensitive delivery/contact fields
[1A[2K[chromium] › e2e/tests/pii-exposure-remediation.spec.ts:177:2 › PII Exposure Remediation Workflow › scanner flags affected kind 16 order events with sensitive delivery/contact fields
  Seeding: base (user profiles)

[1A[2K    Published profile: TestMerchant

[1A[2K    Published profile: TestBuyer

[1A[2K    Published profile: TestApp

[1A[2K    Published admin list with devUser1

[1A[2K[WebServer] Live admin list update received (created_at=1783162943)
[WebServer] Updated admin list with 2 admins: [ [0m[32m"ed29ae1859d35e17c8f9b9a1a21bd135881ddd2f8783466dd03723f439727035"[0m[0m[0m[2m,[0m
[WebServer]   [0m[32m"86a82cab18b293f53cbaaae8cdcbee3f7ec427fdf9f9c933db77800bb5ef38a0"[0m[0m
[WebServer] ]

[1A[2K[WebServer] [32mBundled page in 5496ms[0m[2m:[0m src/index.html

[1A[2KDeleted 1 kind 16 events

[1A[2K[2/7] [chromium] › e2e/tests/pii-exposure-remediation.spec.ts:214:2 › PII Exposure Remediation Workflow › scanner ignores unrelated/non-PII events
[1A[2K[chromium] › e2e/tests/pii-exposure-remediation.spec.ts:214:2 › PII Exposure Remediation Workflow › scanner ignores unrelated/non-PII events
Deleted 1 kind 16 events

[1A[2K[3/7] [chromium] › e2e/tests/pii-exposure-remediation.spec.ts:255:2 › PII Exposure Remediation Workflow › successfully deletes PII events through UI and confirms deletion via relay query
[1A[2K[chromium] › e2e/tests/pii-exposure-remediation.spec.ts:255:2 › PII Exposure Remediation Workflow › successfully deletes PII events through UI and confirms deletion via relay query
Deleted 1 kind 16 events

[1A[2K  1) [chromium] › e2e/tests/pii-exposure-remediation.spec.ts:255:2 › PII Exposure Remediation Workflow › successfully deletes PII events through UI and confirms deletion via relay query 

    Error: [2mexpect([22m[31mreceived[39m[2m).[22mtoBe[2m([22m[32mexpected[39m[2m) // Object.is equality[22m

    Expected: [32mtrue[39m
    Received: [31mfalse[39m

      264 | 		// Wait for PII modal to appear using header text detection
      265 | 		const modalVisible = await waitForPIIModal(merchantPage, 10000)
    > 266 | 		expect(modalVisible).toBe(true)
          | 		                     ^
      267 |
      268 | 		// Click the "Request Deletion and Verify" button
      269 | 		await merchantPage.click('button:has-text("Request Deletion and Verify")')
        at /home/c03rad0r/market/e2e/tests/pii-exposure-remediation.spec.ts:266:24

    attachment #1: screenshot (image/png) ──────────────────────────────────────────────────────────
    test-results/pii-exposure-remediation-P-ec54b-ms-deletion-via-relay-query-chromium/test-failed-1.png
    ────────────────────────────────────────────────────────────────────────────────────────────────

    Error Context: test-results/pii-exposure-remediation-P-ec54b-ms-deletion-via-relay-query-chromium/error-context.md


[1A[2K[4/7] [chromium] › e2e/tests/pii-exposure-remediation.spec.ts:297:2 › PII Exposure Remediation Workflow › prevents deletion of events not authored by the current user
[1A[2K[chromium] › e2e/tests/pii-exposure-remediation.spec.ts:297:2 › PII Exposure Remediation Workflow › prevents deletion of events not authored by the current user
  Seeding: base (user profiles)

[1A[2K    Published profile: TestMerchant

[1A[2K    Published profile: TestBuyer

[1A[2K    Published profile: TestApp

[1A[2K    Published admin list with devUser1

[1A[2K[WebServer] Live admin list update received (created_at=1783162991)

[1A[2K[WebServer] Updated admin list with 2 admins: [ [0m[32m"ed29ae1859d35e17c8f9b9a1a21bd135881ddd2f8783466dd03723f439727035"[0m[0m[0m[2m,[0m
[WebServer]   [0m[32m"86a82cab18b293f53cbaaae8cdcbee3f7ec427fdf9f9c933db77800bb5ef38a0"[0m[0m
[WebServer] ]

[1A[2K[5/7] [chromium] › e2e/tests/pii-exposure-remediation.spec.ts:321:2 › PII Exposure Remediation Workflow › modal copy says "request deleted," not "deleted"
[1A[2K[chromium] › e2e/tests/pii-exposure-remediation.spec.ts:321:2 › PII Exposure Remediation Workflow › modal copy says "request deleted," not "deleted"
Deleted 1 kind 16 events

[1A[2K  2) [chromium] › e2e/tests/pii-exposure-remediation.spec.ts:321:2 › PII Exposure Remediation Workflow › modal copy says "request deleted," not "deleted" 

    Error: [2mexpect([22m[31mreceived[39m[2m).[22mtoBe[2m([22m[32mexpected[39m[2m) // Object.is equality[22m

    Expected: [32mtrue[39m
    Received: [31mfalse[39m

      330 | 		// Wait for PII modal to appear using header text detection
      331 | 		const modalVisible = await waitForPIIModal(merchantPage, 10000)
    > 332 | 		expect(modalVisible).toBe(true)
          | 		                     ^
      333 |
      334 | 		// Check button text
      335 | 		const buttonText = await merchantPage.locator('button:has-text("Request Deletion and Verify")').textContent()
        at /home/c03rad0r/market/e2e/tests/pii-exposure-remediation.spec.ts:332:24

    attachment #1: screenshot (image/png) ──────────────────────────────────────────────────────────
    test-results/pii-exposure-remediation-P-26734-equest-deleted-not-deleted--chromium/test-failed-1.png
    ────────────────────────────────────────────────────────────────────────────────────────────────

    Error Context: test-results/pii-exposure-remediation-P-26734-equest-deleted-not-deleted--chromium/error-context.md


[1A[2K[6/7] [chromium] › e2e/tests/pii-exposure-remediation.spec.ts:340:2 › PII Exposure Remediation Workflow › hides raw PII values in UI showing only field types
[1A[2K[chromium] › e2e/tests/pii-exposure-remediation.spec.ts:340:2 › PII Exposure Remediation Workflow › hides raw PII values in UI showing only field types
  Seeding: base (user profiles)

[1A[2K    Published profile: TestMerchant

[1A[2K    Published profile: TestBuyer

[1A[2K    Published profile: TestApp

[1A[2K    Published admin list with devUser1

[1A[2K[WebServer] Live admin list update received (created_at=1783163030)

[1A[2K[WebServer] Updated admin list with 2 admins: [ [0m[32m"ed29ae1859d35e17c8f9b9a1a21bd135881ddd2f8783466dd03723f439727035"[0m[0m[0m[2m,[0m
[WebServer]   [0m[32m"86a82cab18b293f53cbaaae8cdcbee3f7ec427fdf9f9c933db77800bb5ef38a0"[0m[0m
[WebServer] ]

[1A[2KDeleted 1 kind 16 events

[1A[2K  3) [chromium] › e2e/tests/pii-exposure-remediation.spec.ts:340:2 › PII Exposure Remediation Workflow › hides raw PII values in UI showing only field types 

    Error: [2mexpect([22m[31mreceived[39m[2m).[22mtoBe[2m([22m[32mexpected[39m[2m) // Object.is equality[22m

    Expected: [32mtrue[39m
    Received: [31mfalse[39m

      349 | 		// Wait for PII modal to appear using header text detection
      350 | 		const modalVisible = await waitForPIIModal(merchantPage, 10000)
    > 351 | 		expect(modalVisible).toBe(true)
          | 		                     ^
      352 |
      353 | 		// Get modal content
      354 | 		const modalContent = await (await merchantPage.getByRole('dialog', { name: 'Personal Information Leak' }).allTextContents()).join('')
        at /home/c03rad0r/market/e2e/tests/pii-exposure-remediation.spec.ts:351:24

    attachment #1: screenshot (image/png) ──────────────────────────────────────────────────────────
    test-results/pii-exposure-remediation-P-a1c91-UI-showing-only-field-types-chromium/test-failed-1.png
    ────────────────────────────────────────────────────────────────────────────────────────────────

    Error Context: test-results/pii-exposure-remediation-P-a1c91-UI-showing-only-field-types-chromium/error-context.md


[1A[2K[7/7] [chromium] › e2e/tests/pii-exposure-remediation.spec.ts:376:2 › PII Exposure Remediation Workflow › completely executes deletion workflow and verifies event removal
[1A[2K[chromium] › e2e/tests/pii-exposure-remediation.spec.ts:376:2 › PII Exposure Remediation Workflow › completely executes deletion workflow and verifies event removal
  Seeding: base (user profiles)

[1A[2K    Published profile: TestMerchant

[1A[2K    Published profile: TestBuyer

[1A[2K    Published profile: TestApp

[1A[2K    Published admin list with devUser1

[1A[2K[WebServer] Live admin list update received (created_at=1783163051)

[1A[2K[WebServer] Updated admin list with 2 admins: [ [0m[32m"ed29ae1859d35e17c8f9b9a1a21bd135881ddd2f8783466dd03723f439727035"[0m[0m[0m[2m,[0m
[WebServer]   [0m[32m"86a82cab18b293f53cbaaae8cdcbee3f7ec427fdf9f9c933db77800bb5ef38a0"[0m[0m
[WebServer] ]

[1A[2KDeleted 2 kind 16 events

[1A[2K  4) [chromium] › e2e/tests/pii-exposure-remediation.spec.ts:376:2 › PII Exposure Remediation Workflow › completely executes deletion workflow and verifies event removal 

    Error: [2mexpect([22m[31mreceived[39m[2m).[22mtoBe[2m([22m[32mexpected[39m[2m) // Object.is equality[22m

    Expected: [32mtrue[39m
    Received: [31mfalse[39m

      388 | 		// Wait for PII modal to appear
      389 | 		const modalVisible = await waitForPIIModal(merchantPage, 10000)
    > 390 | 		expect(modalVisible).toBe(true)
          | 		                     ^
      391 |
      392 | 		// Verify both events are listed in the modal
      393 | 		const event1ListItem = await merchantPage.locator(`li:has-text("Event ${piiEvent1.id.substring(0, 8)}")`)
        at /home/c03rad0r/market/e2e/tests/pii-exposure-remediation.spec.ts:390:24

    attachment #1: screenshot (image/png) ──────────────────────────────────────────────────────────
    test-results/pii-exposure-remediation-P-1fdf5--and-verifies-event-removal-chromium/test-failed-1.png
    ────────────────────────────────────────────────────────────────────────────────────────────────

    Error Context: test-results/pii-exposure-remediation-P-1fdf5--and-verifies-event-removal-chromium/error-context.md



--- E2E Global Teardown ---
  Cleanup complete
[1A[2K  4 failed
    [chromium] › e2e/tests/pii-exposure-remediation.spec.ts:255:2 › PII Exposure Remediation Workflow › successfully deletes PII events through UI and confirms deletion via relay query 
    [chromium] › e2e/tests/pii-exposure-remediation.spec.ts:321:2 › PII Exposure Remediation Workflow › modal copy says "request deleted," not "deleted" 
    [chromium] › e2e/tests/pii-exposure-remediation.spec.ts:340:2 › PII Exposure Remediation Workflow › hides raw PII values in UI showing only field types 
    [chromium] › e2e/tests/pii-exposure-remediation.spec.ts:376:2 › PII Exposure Remediation Workflow › completely executes deletion workflow and verifies event removal 
  3 passed (2.2m)
  [ 19/30] pii-exposure-remediation     [ndk]       run 4/5  FAIL  134s
[1A[2K[WebServer] 
[WebServer] --- Seeding relay for e2e tests ---
[WebServer]   App pubkey: ed29ae1859d35e17...

[1A[2K[WebServer]   Published app settings (Kind 31990)

[1A[2K[WebServer]   Published admin list (Kind 30000)

[1A[2K[WebServer]   Published relay list (Kind 10002)
[WebServer] --- Relay seeding complete ---
[WebServer] 

[1A[2K[WebServer] [0m[2m[35m$[0m [2m[1mbun --hot src/index.tsx --host 0.0.0.0[0m

[1A[2K[WebServer] Fetching app settings from relay: ws://localhost:10547 for pubkey: ed29ae1859d35e17c8f9b9a1a21bd135881ddd2f8783466dd03723f439727035

[1A[2K[WebServer] Bootstrap manager initialized in bootstrap mode

[1A[2K[WebServer] Bootstrap manager initialized in bootstrap mode

[1A[2K[WebServer] App port: 34567

[1A[2K[WebServer] 🚀 Server running at http://localhost:34567/

[1A[2K[WebServer] NDK service connected to relay: ws://localhost:10547

[1A[2K[WebServer] Fetching with filter: {"kinds":[31990],"authors":["ed29ae1859d35e17c8f9b9a1a21bd135881ddd2f8783466dd03723f439727035"],"#d":["plebeian-market-handler"],"limit":1}

[1A[2K[WebServer] Found existing setup event

[1A[2K[WebServer] Found existing admin list, updating internal list

[1A[2K[WebServer] Updated admin list with 2 admins: [ [0m[32m"ed29ae1859d35e17c8f9b9a1a21bd135881ddd2f8783466dd03723f439727035"[0m[0m[0m[2m,[0m
[WebServer]   [0m[32m"86a82cab18b293f53cbaaae8cdcbee3f7ec427fdf9f9c933db77800bb5ef38a0"[0m[0m
[WebServer] ]

[1A[2K[WebServer] Fetch returned 1 events

[1A[2K[WebServer] Found 1 app settings events

[1A[2K[WebServer] App settings loaded successfully


--- E2E Global Setup ---
  App pubkey: ed29ae1859d35e17...
  Server health: OK (app settings loaded)
--- Global Setup Complete ---

[1A[2K[WebServer] [vanity-urls] No existing registry found

[1A[2K[WebServer] [nip05-names] No existing registry found
[WebServer] Subscribed to zap purchase receipts (App relay)
[WebServer] Connecting to zap relays: ws://localhost:10547, wss://relay.damus.io, wss://nos.lol, wss://relay.nostr.net, wss://relay.minibits.cash, wss://relay.coinos.io, wss://nwc.primal.net, wss://relay.primal.net


Running 7 tests using 1 worker

[1A[2K[WebServer] Subscribed to zap purchase receipts (Zap relays)

[1A[2K[WebServer] EventHandler initialized successfully
[WebServer] ✅ EventHandler initialized successfully

[1A[2K[1/7] [chromium] › e2e/tests/pii-exposure-remediation.spec.ts:177:2 › PII Exposure Remediation Workflow › scanner flags affected kind 16 order events with sensitive delivery/contact fields
[1A[2K[chromium] › e2e/tests/pii-exposure-remediation.spec.ts:177:2 › PII Exposure Remediation Workflow › scanner flags affected kind 16 order events with sensitive delivery/contact fields
  Seeding: base (user profiles)

[1A[2K    Published profile: TestMerchant

[1A[2K    Published profile: TestBuyer

[1A[2K    Published profile: TestApp

[1A[2K    Published admin list with devUser1

[1A[2K[WebServer] Live admin list update received (created_at=1783163078)
[WebServer] Updated admin list with 2 admins: [ [0m[32m"ed29ae1859d35e17c8f9b9a1a21bd135881ddd2f8783466dd03723f439727035"[0m[0m[0m[2m,[0m
[WebServer]   [0m[32m"86a82cab18b293f53cbaaae8cdcbee3f7ec427fdf9f9c933db77800bb5ef38a0"[0m[0m
[WebServer] ]

[1A[2K[WebServer] [32mBundled page in 4835ms[0m[2m:[0m src/index.html

[1A[2KDeleted 1 kind 16 events

[1A[2K[2/7] [chromium] › e2e/tests/pii-exposure-remediation.spec.ts:214:2 › PII Exposure Remediation Workflow › scanner ignores unrelated/non-PII events
[1A[2K[chromium] › e2e/tests/pii-exposure-remediation.spec.ts:214:2 › PII Exposure Remediation Workflow › scanner ignores unrelated/non-PII events
Deleted 1 kind 16 events

[1A[2K[3/7] [chromium] › e2e/tests/pii-exposure-remediation.spec.ts:255:2 › PII Exposure Remediation Workflow › successfully deletes PII events through UI and confirms deletion via relay query
[1A[2K[chromium] › e2e/tests/pii-exposure-remediation.spec.ts:255:2 › PII Exposure Remediation Workflow › successfully deletes PII events through UI and confirms deletion via relay query
Deleted 1 kind 16 events

[1A[2K  1) [chromium] › e2e/tests/pii-exposure-remediation.spec.ts:255:2 › PII Exposure Remediation Workflow › successfully deletes PII events through UI and confirms deletion via relay query 

    Error: [2mexpect([22m[31mreceived[39m[2m).[22mtoBe[2m([22m[32mexpected[39m[2m) // Object.is equality[22m

    Expected: [32mtrue[39m
    Received: [31mfalse[39m

      264 | 		// Wait for PII modal to appear using header text detection
      265 | 		const modalVisible = await waitForPIIModal(merchantPage, 10000)
    > 266 | 		expect(modalVisible).toBe(true)
          | 		                     ^
      267 |
      268 | 		// Click the "Request Deletion and Verify" button
      269 | 		await merchantPage.click('button:has-text("Request Deletion and Verify")')
        at /home/c03rad0r/market/e2e/tests/pii-exposure-remediation.spec.ts:266:24

    attachment #1: screenshot (image/png) ──────────────────────────────────────────────────────────
    test-results/pii-exposure-remediation-P-ec54b-ms-deletion-via-relay-query-chromium/test-failed-1.png
    ────────────────────────────────────────────────────────────────────────────────────────────────

    Error Context: test-results/pii-exposure-remediation-P-ec54b-ms-deletion-via-relay-query-chromium/error-context.md


[1A[2K[4/7] [chromium] › e2e/tests/pii-exposure-remediation.spec.ts:297:2 › PII Exposure Remediation Workflow › prevents deletion of events not authored by the current user
[1A[2K[chromium] › e2e/tests/pii-exposure-remediation.spec.ts:297:2 › PII Exposure Remediation Workflow › prevents deletion of events not authored by the current user
  Seeding: base (user profiles)

[1A[2K    Published profile: TestMerchant

[1A[2K    Published profile: TestBuyer

[1A[2K    Published profile: TestApp

[1A[2K    Published admin list with devUser1

[1A[2K[WebServer] Live admin list update received (created_at=1783163123)
[WebServer] Updated admin list with 2 admins: [ [0m[32m"ed29ae1859d35e17c8f9b9a1a21bd135881ddd2f8783466dd03723f439727035"[0m[0m[0m[2m,[0m
[WebServer]   [0m[32m"86a82cab18b293f53cbaaae8cdcbee3f7ec427fdf9f9c933db77800bb5ef38a0"[0m[0m
[WebServer] ]

[1A[2K[5/7] [chromium] › e2e/tests/pii-exposure-remediation.spec.ts:321:2 › PII Exposure Remediation Workflow › modal copy says "request deleted," not "deleted"
[1A[2K[chromium] › e2e/tests/pii-exposure-remediation.spec.ts:321:2 › PII Exposure Remediation Workflow › modal copy says "request deleted," not "deleted"
Deleted 1 kind 16 events

[1A[2K  2) [chromium] › e2e/tests/pii-exposure-remediation.spec.ts:321:2 › PII Exposure Remediation Workflow › modal copy says "request deleted," not "deleted" 

    Error: [2mexpect([22m[31mreceived[39m[2m).[22mtoBe[2m([22m[32mexpected[39m[2m) // Object.is equality[22m

    Expected: [32mtrue[39m
    Received: [31mfalse[39m

      330 | 		// Wait for PII modal to appear using header text detection
      331 | 		const modalVisible = await waitForPIIModal(merchantPage, 10000)
    > 332 | 		expect(modalVisible).toBe(true)
          | 		                     ^
      333 |
      334 | 		// Check button text
      335 | 		const buttonText = await merchantPage.locator('button:has-text("Request Deletion and Verify")').textContent()
        at /home/c03rad0r/market/e2e/tests/pii-exposure-remediation.spec.ts:332:24

    attachment #1: screenshot (image/png) ──────────────────────────────────────────────────────────
    test-results/pii-exposure-remediation-P-26734-equest-deleted-not-deleted--chromium/test-failed-1.png
    ────────────────────────────────────────────────────────────────────────────────────────────────

    Error Context: test-results/pii-exposure-remediation-P-26734-equest-deleted-not-deleted--chromium/error-context.md


[1A[2K[6/7] [chromium] › e2e/tests/pii-exposure-remediation.spec.ts:340:2 › PII Exposure Remediation Workflow › hides raw PII values in UI showing only field types
[1A[2K[chromium] › e2e/tests/pii-exposure-remediation.spec.ts:340:2 › PII Exposure Remediation Workflow › hides raw PII values in UI showing only field types
  Seeding: base (user profiles)

[1A[2K    Published profile: TestMerchant

[1A[2K    Published profile: TestBuyer

[1A[2K    Published profile: TestApp

[1A[2K    Published admin list with devUser1

[1A[2K[WebServer] Live admin list update received (created_at=1783163157)

[1A[2K[WebServer] Updated admin list with 2 admins: [ [0m[32m"ed29ae1859d35e17c8f9b9a1a21bd135881ddd2f8783466dd03723f439727035"[0m[0m[0m[2m,[0m
[WebServer]   [0m[32m"86a82cab18b293f53cbaaae8cdcbee3f7ec427fdf9f9c933db77800bb5ef38a0"[0m[0m
[WebServer] ]

[1A[2KDeleted 1 kind 16 events

[1A[2K  3) [chromium] › e2e/tests/pii-exposure-remediation.spec.ts:340:2 › PII Exposure Remediation Workflow › hides raw PII values in UI showing only field types 

    Error: [2mexpect([22m[31mreceived[39m[2m).[22mtoBe[2m([22m[32mexpected[39m[2m) // Object.is equality[22m

    Expected: [32mtrue[39m
    Received: [31mfalse[39m

      349 | 		// Wait for PII modal to appear using header text detection
      350 | 		const modalVisible = await waitForPIIModal(merchantPage, 10000)
    > 351 | 		expect(modalVisible).toBe(true)
          | 		                     ^
      352 |
      353 | 		// Get modal content
      354 | 		const modalContent = await (await merchantPage.getByRole('dialog', { name: 'Personal Information Leak' }).allTextContents()).join('')
        at /home/c03rad0r/market/e2e/tests/pii-exposure-remediation.spec.ts:351:24

    attachment #1: screenshot (image/png) ──────────────────────────────────────────────────────────
    test-results/pii-exposure-remediation-P-a1c91-UI-showing-only-field-types-chromium/test-failed-1.png
    ────────────────────────────────────────────────────────────────────────────────────────────────

    Error Context: test-results/pii-exposure-remediation-P-a1c91-UI-showing-only-field-types-chromium/error-context.md


[1A[2K[7/7] [chromium] › e2e/tests/pii-exposure-remediation.spec.ts:376:2 › PII Exposure Remediation Workflow › completely executes deletion workflow and verifies event removal
[1A[2K[chromium] › e2e/tests/pii-exposure-remediation.spec.ts:376:2 › PII Exposure Remediation Workflow › completely executes deletion workflow and verifies event removal
  Seeding: base (user profiles)

[1A[2K    Published profile: TestMerchant

[1A[2K    Published profile: TestBuyer

[1A[2K    Published profile: TestApp

[1A[2K    Published admin list with devUser1

[1A[2K[WebServer] Live admin list update received (created_at=1783163174)

[1A[2K[WebServer] Updated admin list with 2 admins: [ [0m[32m"ed29ae1859d35e17c8f9b9a1a21bd135881ddd2f8783466dd03723f439727035"[0m[0m[0m[2m,[0m
[WebServer]   [0m[32m"86a82cab18b293f53cbaaae8cdcbee3f7ec427fdf9f9c933db77800bb5ef38a0"[0m[0m
[WebServer] ]

[1A[2KDeleted 2 kind 16 events

[1A[2K  4) [chromium] › e2e/tests/pii-exposure-remediation.spec.ts:376:2 › PII Exposure Remediation Workflow › completely executes deletion workflow and verifies event removal 

    Error: [2mexpect([22m[31mreceived[39m[2m).[22mtoBe[2m([22m[32mexpected[39m[2m) // Object.is equality[22m

    Expected: [32mtrue[39m
    Received: [31mfalse[39m

      388 | 		// Wait for PII modal to appear
      389 | 		const modalVisible = await waitForPIIModal(merchantPage, 10000)
    > 390 | 		expect(modalVisible).toBe(true)
          | 		                     ^
      391 |
      392 | 		// Verify both events are listed in the modal
      393 | 		const event1ListItem = await merchantPage.locator(`li:has-text("Event ${piiEvent1.id.substring(0, 8)}")`)
        at /home/c03rad0r/market/e2e/tests/pii-exposure-remediation.spec.ts:390:24

    attachment #1: screenshot (image/png) ──────────────────────────────────────────────────────────
    test-results/pii-exposure-remediation-P-1fdf5--and-verifies-event-removal-chromium/test-failed-1.png
    ────────────────────────────────────────────────────────────────────────────────────────────────

    Error Context: test-results/pii-exposure-remediation-P-1fdf5--and-verifies-event-removal-chromium/error-context.md



--- E2E Global Teardown ---
  Cleanup complete
[1A[2K  4 failed
    [chromium] › e2e/tests/pii-exposure-remediation.spec.ts:255:2 › PII Exposure Remediation Workflow › successfully deletes PII events through UI and confirms deletion via relay query 
    [chromium] › e2e/tests/pii-exposure-remediation.spec.ts:321:2 › PII Exposure Remediation Workflow › modal copy says "request deleted," not "deleted" 
    [chromium] › e2e/tests/pii-exposure-remediation.spec.ts:340:2 › PII Exposure Remediation Workflow › hides raw PII values in UI showing only field types 
    [chromium] › e2e/tests/pii-exposure-remediation.spec.ts:376:2 › PII Exposure Remediation Workflow › completely executes deletion workflow and verifies event removal 
  3 passed (2.0m)
  [ 20/30] pii-exposure-remediation     [ndk]       run 5/5  FAIL  124s
[1A[2K[WebServer] 
[WebServer] --- Seeding relay for e2e tests ---
[WebServer]   App pubkey: ed29ae1859d35e17...

[1A[2K[WebServer]   Published app settings (Kind 31990)

[1A[2K[WebServer]   Published admin list (Kind 30000)

[1A[2K[WebServer]   Published relay list (Kind 10002)

[1A[2K[WebServer] --- Relay seeding complete ---
[WebServer] 

[1A[2K[WebServer] [0m[2m[35m$[0m [2m[1mbun --hot src/index.tsx --host 0.0.0.0[0m

[1A[2K[WebServer] Fetching app settings from relay: ws://localhost:10547 for pubkey: ed29ae1859d35e17c8f9b9a1a21bd135881ddd2f8783466dd03723f439727035

[1A[2K[WebServer] Bootstrap manager initialized in bootstrap mode

[1A[2K[WebServer] Bootstrap manager initialized in bootstrap mode

[1A[2K[WebServer] App port: 34567

[1A[2K[WebServer] 🚀 Server running at http://localhost:34567/

[1A[2K[WebServer] NDK service connected to relay: ws://localhost:10547

[1A[2K[WebServer] Found existing setup event

[1A[2K[WebServer] Found existing admin list, updating internal list
[WebServer] Updated admin list with 2 admins: [ [0m[32m"ed29ae1859d35e17c8f9b9a1a21bd135881ddd2f8783466dd03723f439727035"[0m[0m[0m[2m,[0m
[WebServer]   [0m[32m"86a82cab18b293f53cbaaae8cdcbee3f7ec427fdf9f9c933db77800bb5ef38a0"[0m[0m
[WebServer] ]

[1A[2K[WebServer] Fetching with filter: {"kinds":[31990],"authors":["ed29ae1859d35e17c8f9b9a1a21bd135881ddd2f8783466dd03723f439727035"],"#d":["plebeian-market-handler"],"limit":1}


--- E2E Global Setup ---
  App pubkey: ed29ae1859d35e17...
[1A[2K[WebServer] Fetch returned 1 events
[WebServer] Found 1 app settings events
[WebServer] App settings loaded successfully

  Server health: OK (app settings loaded)
--- Global Setup Complete ---

[1A[2K[WebServer] [vanity-urls] No existing registry found
[WebServer] [nip05-names] No existing registry found
[WebServer] Subscribed to zap purchase receipts (App relay)
[WebServer] Connecting to zap relays: ws://localhost:10547, wss://relay.damus.io, wss://nos.lol, wss://relay.nostr.net, wss://relay.minibits.cash, wss://relay.coinos.io, wss://nwc.primal.net, wss://relay.primal.net


Running 15 tests using 1 worker

[1A[2K[WebServer] Subscribed to zap purchase receipts (Zap relays)
[WebServer] EventHandler initialized successfully
[WebServer] ✅ EventHandler initialized successfully

[1A[2K[1/15] [chromium] › e2e/tests/products.spec.ts:66:2 › Product Management › products list page shows seeded products
[1A[2K[chromium] › e2e/tests/products.spec.ts:66:2 › Product Management › products list page shows seeded products
  Seeding: base (user profiles)

[1A[2K    Published profile: TestMerchant

[1A[2K    Published profile: TestBuyer

[1A[2K    Published profile: TestApp

[1A[2K    Published admin list with devUser1

[1A[2K  Seeding: merchant (shipping, payments, products)

[1A[2K[WebServer] Live admin list update received (created_at=1783163196)

[1A[2K[WebServer] Updated admin list with 2 admins: [ [0m[32m"ed29ae1859d35e17c8f9b9a1a21bd135881ddd2f8783466dd03723f439727035"[0m[0m[0m[2m,[0m
[WebServer]   [0m[32m"86a82cab18b293f53cbaaae8cdcbee3f7ec427fdf9f9c933db77800bb5ef38a0"[0m[0m
[WebServer] ]

[1A[2K    Published shipping: Worldwide Standard

[1A[2K    Published shipping: Digital Delivery

[1A[2K    Published shipping: Local Pickup - Bitcoin Store

[1A[2K    Published payment: LIGHTNING_NETWORK

[1A[2K    Published V4V shares (10% to community)

[1A[2K    Published product: Bitcoin Hardware Wallet

[1A[2K    Published product: Nostr T-Shirt

[1A[2K    Published product: Bitcoin E-Book

[1A[2K    Published product: Bitcoin Conference Ticket

[1A[2K[WebServer] [32mBundled page in 2848ms[0m[2m:[0m src/index.html

[1A[2K[2/15] [chromium] › e2e/tests/products.spec.ts:74:2 › Product Management › can navigate to create product page
[1A[2K[3/15] [chromium] › e2e/tests/products.spec.ts:84:2 › Product Management › cannot advance from name tab when title is missing
[1A[2K[4/15] [chromium] › e2e/tests/products.spec.ts:95:2 › Product Management › new account starts on the correct first step
[1A[2K[5/15] [chromium] › e2e/tests/products.spec.ts:110:2 › Product Management › required indicators match the workflow validation model
[1A[2K[6/15] [chromium] › e2e/tests/products.spec.ts:122:2 › Product Management › cannot select later tabs when earlier required tabs are incomplete
[1A[2K[7/15] [chromium] › e2e/tests/products.spec.ts:133:2 › Product Management › missing required fields block progression on detail and category steps
[1A[2K[8/15] [chromium] › e2e/tests/products.spec.ts:159:2 › Product Management › backward navigation still works
[1A[2K[9/15] [chromium] › e2e/tests/products.spec.ts:175:2 › Product Management › publish remains disabled until the full required set is valid
[1A[2K[10/15] [chromium] › e2e/tests/products.spec.ts:191:2 › Product Management › last step uses final action semantics instead of wrapping to the first tab
[1A[2K[11/15] [chromium] › e2e/tests/products.spec.ts:202:2 › Product Management › images tab uses a single effective scroll container
[1A[2K[12/15] [chromium] › e2e/tests/products.spec.ts:234:2 › Product Management › can create a new product
[1A[2K  1) [chromium] › e2e/tests/products.spec.ts:234:2 › Product Management › can create a new product ─

    [31mTest timeout of 30000ms exceeded.[39m

    Error: locator.click: Target page, context or browser has been closed
    Call log:
    [2m  - waiting for getByTestId('product-publish-button')[22m
    [2m    - locator resolved to <button disabled type="submit" data-slot="button" data-size="default" data-variant="secondary" data-testid="product-publish-button" class="inline-flex items-center justify-center gap-2 rounded-md text-sm font-medium whitespace-nowrap transition-all outline-none focus-visible:border-ring focus-visible:ring-[3px] focus-visible:ring-ring/50 disabled:pointer-events-none disabled:opacity-50 aria-invalid:border-destructive aria-invalid:ring-destructive/20 dark:aria-invalid:ring-destructive/40 [&_svg]:pointe…>Publish Product</button>[22m
    [2m  - attempting click action[22m
    [2m    2 × waiting for element to be visible, enabled and stable[22m
    [2m      - element is not enabled[22m
    [2m    - retrying click action[22m
    [2m    - waiting 20ms[22m
    [2m    2 × waiting for element to be visible, enabled and stable[22m
    [2m      - element is not enabled[22m
    [2m    - retrying click action[22m
    [2m      - waiting 100ms[22m
    [2m    40 × waiting for element to be visible, enabled and stable[22m
    [2m       - element is not enabled[22m
    [2m     - retrying click action[22m
    [2m       - waiting 500ms[22m


      313 | 			await merchantPage.getByTestId('confirm-v4v-setup-button').click({ timeout: 5_000 })
      314 | 		} else {
    > 315 | 			await publishButton.click()
          | 			                    ^
      316 | 		}
      317 |
      318 | 		// Verify: the product page should show the product title (app redirects after publish)
        at /home/c03rad0r/market/e2e/tests/products.spec.ts:315:24

    attachment #1: screenshot (image/png) ──────────────────────────────────────────────────────────
    test-results/products-Product-Management-can-create-a-new-product-chromium/test-failed-1.png
    ────────────────────────────────────────────────────────────────────────────────────────────────

    Error Context: test-results/products-Product-Management-can-create-a-new-product-chromium/error-context.md


[1A[2K[13/15] [chromium] › e2e/tests/products.spec.ts:322:2 › Product Management › can edit an existing product
[1A[2K[chromium] › e2e/tests/products.spec.ts:322:2 › Product Management › can edit an existing product
  Seeding: base (user profiles)

[1A[2K    Published profile: TestMerchant

[1A[2K    Published profile: TestBuyer

[1A[2K    Published profile: TestApp

[1A[2K    Published admin list with devUser1

[1A[2K  Seeding: merchant (shipping, payments, products)

[1A[2K[WebServer] Live admin list update received (created_at=1783163290)

[1A[2K[WebServer] Updated admin list with 2 admins: [ [0m[32m"ed29ae1859d35e17c8f9b9a1a21bd135881ddd2f8783466dd03723f439727035"[0m[0m[0m[2m,[0m
[WebServer]   [0m[32m"86a82cab18b293f53cbaaae8cdcbee3f7ec427fdf9f9c933db77800bb5ef38a0"[0m[0m
[WebServer] ]

[1A[2K    Published shipping: Worldwide Standard

[1A[2K    Published shipping: Digital Delivery

[1A[2K    Published shipping: Local Pickup - Bitcoin Store

[1A[2K    Published payment: LIGHTNING_NETWORK

[1A[2K    Published V4V shares (10% to community)

[1A[2K    Published product: Bitcoin Hardware Wallet

[1A[2K    Published product: Nostr T-Shirt

[1A[2K    Published product: Bitcoin E-Book

[1A[2K    Published product: Bitcoin Conference Ticket

[1A[2K[14/15] [chromium] › e2e/tests/products.spec.ts:362:2 › Product Management › can delete a product
[1A[2K[15/15] [chromium] › e2e/tests/products.spec.ts:380:2 › Product Management › seeded products appear in public marketplace

--- E2E Global Teardown ---
  Cleanup complete
[1A[2K  1 failed
    [chromium] › e2e/tests/products.spec.ts:234:2 › Product Management › can create a new product ──
  14 passed (1.9m)
  [ 21/30] products                     [ndk]       run 1/5  FAIL  117s
[1A[2K[WebServer] 
[WebServer] --- Seeding relay for e2e tests ---
[WebServer]   App pubkey: ed29ae1859d35e17...

[1A[2K[WebServer]   Published app settings (Kind 31990)

[1A[2K[WebServer]   Published admin list (Kind 30000)

[1A[2K[WebServer]   Published relay list (Kind 10002)

[1A[2K[WebServer] --- Relay seeding complete ---
[WebServer] 

[1A[2K[WebServer] [0m[2m[35m$[0m [2m[1mbun --hot src/index.tsx --host 0.0.0.0[0m

[1A[2K[WebServer] Fetching app settings from relay: ws://localhost:10547 for pubkey: ed29ae1859d35e17c8f9b9a1a21bd135881ddd2f8783466dd03723f439727035

[1A[2K[WebServer] Bootstrap manager initialized in bootstrap mode

[1A[2K[WebServer] Bootstrap manager initialized in bootstrap mode

[1A[2K[WebServer] App port: 34567

[1A[2K[WebServer] 🚀 Server running at http://localhost:34567/

[1A[2K[WebServer] NDK service connected to relay: ws://localhost:10547

[1A[2K[WebServer] Fetching with filter: {"kinds":[31990],"authors":["ed29ae1859d35e17c8f9b9a1a21bd135881ddd2f8783466dd03723f439727035"],"#d":["plebeian-market-handler"],"limit":1}

[1A[2K[WebServer] Found existing setup event

[1A[2K[WebServer] Found existing admin list, updating internal list
[WebServer] Updated admin list with 2 admins: [ [0m[32m"ed29ae1859d35e17c8f9b9a1a21bd135881ddd2f8783466dd03723f439727035"[0m[0m[0m[2m,[0m
[WebServer]   [0m[32m"86a82cab18b293f53cbaaae8cdcbee3f7ec427fdf9f9c933db77800bb5ef38a0"[0m[0m
[WebServer] ]

[1A[2K[WebServer] Fetch returned 1 events
[WebServer] Found 1 app settings events

[1A[2K[WebServer] App settings loaded successfully


--- E2E Global Setup ---
  App pubkey: ed29ae1859d35e17...
  Server health: OK (app settings loaded)
--- Global Setup Complete ---

[1A[2K[WebServer] [vanity-urls] No existing registry found
[WebServer] [nip05-names] No existing registry found
[WebServer] Subscribed to zap purchase receipts (App relay)
[WebServer] Connecting to zap relays: ws://localhost:10547, wss://relay.damus.io, wss://nos.lol, wss://relay.nostr.net, wss://relay.minibits.cash, wss://relay.coinos.io, wss://nwc.primal.net, wss://relay.primal.net


Running 15 tests using 1 worker

[1A[2K[WebServer] Subscribed to zap purchase receipts (Zap relays)
[WebServer] EventHandler initialized successfully

[1A[2K[WebServer] ✅ EventHandler initialized successfully

[1A[2K[1/15] [chromium] › e2e/tests/products.spec.ts:66:2 › Product Management › products list page shows seeded products
[1A[2K[chromium] › e2e/tests/products.spec.ts:66:2 › Product Management › products list page shows seeded products
  Seeding: base (user profiles)

[1A[2K    Published profile: TestMerchant

[1A[2K    Published profile: TestBuyer

[1A[2K    Published profile: TestApp

[1A[2K    Published admin list with devUser1

[1A[2K  Seeding: merchant (shipping, payments, products)

[1A[2K[WebServer] Live admin list update received (created_at=1783163313)
[WebServer] Updated admin list with 2 admins: [ [0m[32m"ed29ae1859d35e17c8f9b9a1a21bd135881ddd2f8783466dd03723f439727035"[0m[0m[0m[2m,[0m
[WebServer]   [0m[32m"86a82cab18b293f53cbaaae8cdcbee3f7ec427fdf9f9c933db77800bb5ef38a0"[0m[0m
[WebServer] ]

[1A[2K    Published shipping: Worldwide Standard

[1A[2K    Published shipping: Digital Delivery

[1A[2K    Published shipping: Local Pickup - Bitcoin Store

[1A[2K    Published payment: LIGHTNING_NETWORK

[1A[2K    Published V4V shares (10% to community)

[1A[2K    Published product: Bitcoin Hardware Wallet

[1A[2K    Published product: Nostr T-Shirt

[1A[2K    Published product: Bitcoin E-Book

[1A[2K    Published product: Bitcoin Conference Ticket

[1A[2K[WebServer] [32mBundled page in 2606ms[0m[2m:[0m src/index.html

[1A[2K[2/15] [chromium] › e2e/tests/products.spec.ts:74:2 › Product Management › can navigate to create product page
[1A[2K[3/15] [chromium] › e2e/tests/products.spec.ts:84:2 › Product Management › cannot advance from name tab when title is missing
[1A[2K[4/15] [chromium] › e2e/tests/products.spec.ts:95:2 › Product Management › new account starts on the correct first step
[1A[2K[5/15] [chromium] › e2e/tests/products.spec.ts:110:2 › Product Management › required indicators match the workflow validation model
[1A[2K[6/15] [chromium] › e2e/tests/products.spec.ts:122:2 › Product Management › cannot select later tabs when earlier required tabs are incomplete
[1A[2K[7/15] [chromium] › e2e/tests/products.spec.ts:133:2 › Product Management › missing required fields block progression on detail and category steps
[1A[2K[8/15] [chromium] › e2e/tests/products.spec.ts:159:2 › Product Management › backward navigation still works
[1A[2K[9/15] [chromium] › e2e/tests/products.spec.ts:175:2 › Product Management › publish remains disabled until the full required set is valid
[1A[2K[10/15] [chromium] › e2e/tests/products.spec.ts:191:2 › Product Management › last step uses final action semantics instead of wrapping to the first tab
[1A[2K[11/15] [chromium] › e2e/tests/products.spec.ts:202:2 › Product Management › images tab uses a single effective scroll container
[1A[2K[12/15] [chromium] › e2e/tests/products.spec.ts:234:2 › Product Management › can create a new product
[1A[2K[13/15] [chromium] › e2e/tests/products.spec.ts:322:2 › Product Management › can edit an existing product
[1A[2K[14/15] [chromium] › e2e/tests/products.spec.ts:362:2 › Product Management › can delete a product
[1A[2K[15/15] [chromium] › e2e/tests/products.spec.ts:380:2 › Product Management › seeded products appear in public marketplace

--- E2E Global Teardown ---
  Cleanup complete
[1A[2K  15 passed (1.9m)
  [ 22/30] products                     [ndk]       run 2/5  PASS  114s
[1A[2K[WebServer] 
[WebServer] --- Seeding relay for e2e tests ---
[WebServer]   App pubkey: ed29ae1859d35e17...

[1A[2K[WebServer]   Published app settings (Kind 31990)

[1A[2K[WebServer]   Published admin list (Kind 30000)

[1A[2K[WebServer]   Published relay list (Kind 10002)
[WebServer] --- Relay seeding complete ---
[WebServer] 

[1A[2K[WebServer] [0m[2m[35m$[0m [2m[1mbun --hot src/index.tsx --host 0.0.0.0[0m

[1A[2K[WebServer] Fetching app settings from relay: ws://localhost:10547 for pubkey: ed29ae1859d35e17c8f9b9a1a21bd135881ddd2f8783466dd03723f439727035

[1A[2K[WebServer] Bootstrap manager initialized in bootstrap mode

[1A[2K[WebServer] Bootstrap manager initialized in bootstrap mode

[1A[2K[WebServer] App port: 34567

[1A[2K[WebServer] 🚀 Server running at http://localhost:34567/

[1A[2K[WebServer] NDK service connected to relay: ws://localhost:10547

[1A[2K[WebServer] Fetching with filter: {"kinds":[31990],"authors":["ed29ae1859d35e17c8f9b9a1a21bd135881ddd2f8783466dd03723f439727035"],"#d":["plebeian-market-handler"],"limit":1}


--- E2E Global Setup ---
  App pubkey: ed29ae1859d35e17...
[1A[2K[WebServer] Found existing admin list, updating internal list

[1A[2K[WebServer] Updated admin list with 2 admins: [ [0m[32m"ed29ae1859d35e17c8f9b9a1a21bd135881ddd2f8783466dd03723f439727035"[0m[0m[0m[2m,[0m
[WebServer]   [0m[32m"86a82cab18b293f53cbaaae8cdcbee3f7ec427fdf9f9c933db77800bb5ef38a0"[0m[0m
[WebServer] ]

[1A[2K[WebServer] Found existing setup event

[1A[2K[WebServer] Fetch returned 1 events
[WebServer] Found 1 app settings events

[1A[2K[WebServer] App settings loaded successfully

  Server health: OK (app settings loaded)
--- Global Setup Complete ---

[1A[2K[WebServer] [vanity-urls] No existing registry found
[WebServer] [nip05-names] No existing registry found
[WebServer] Subscribed to zap purchase receipts (App relay)
[WebServer] Connecting to zap relays: ws://localhost:10547, wss://relay.damus.io, wss://nos.lol, wss://relay.nostr.net, wss://relay.minibits.cash, wss://relay.coinos.io, wss://nwc.primal.net, wss://relay.primal.net


Running 15 tests using 1 worker

[1A[2K[WebServer] Subscribed to zap purchase receipts (Zap relays)
[WebServer] EventHandler initialized successfully
[WebServer] ✅ EventHandler initialized successfully

[1A[2K[1/15] [chromium] › e2e/tests/products.spec.ts:66:2 › Product Management › products list page shows seeded products
[1A[2K[chromium] › e2e/tests/products.spec.ts:66:2 › Product Management › products list page shows seeded products
  Seeding: base (user profiles)

[1A[2K    Published profile: TestMerchant

[1A[2K    Published profile: TestBuyer

[1A[2K    Published profile: TestApp

[1A[2K    Published admin list with devUser1

[1A[2K  Seeding: merchant (shipping, payments, products)

[1A[2K[WebServer] Live admin list update received (created_at=1783163429)

[1A[2K[WebServer] Updated admin list with 2 admins: [ [0m[32m"ed29ae1859d35e17c8f9b9a1a21bd135881ddd2f8783466dd03723f439727035"[0m[0m[0m[2m,[0m
[WebServer]   [0m[32m"86a82cab18b293f53cbaaae8cdcbee3f7ec427fdf9f9c933db77800bb5ef38a0"[0m[0m
[WebServer] ]

[1A[2K    Published shipping: Worldwide Standard

[1A[2K    Published shipping: Digital Delivery

[1A[2K    Published shipping: Local Pickup - Bitcoin Store

[1A[2K    Published payment: LIGHTNING_NETWORK

[1A[2K    Published V4V shares (10% to community)

[1A[2K    Published product: Bitcoin Hardware Wallet

[1A[2K    Published product: Nostr T-Shirt

[1A[2K    Published product: Bitcoin E-Book

[1A[2K    Published product: Bitcoin Conference Ticket

[1A[2K[WebServer] [32mBundled page in 3957ms[0m[2m:[0m src/index.html

[1A[2K[2/15] [chromium] › e2e/tests/products.spec.ts:74:2 › Product Management › can navigate to create product page
[1A[2K[3/15] [chromium] › e2e/tests/products.spec.ts:84:2 › Product Management › cannot advance from name tab when title is missing
[1A[2K[4/15] [chromium] › e2e/tests/products.spec.ts:95:2 › Product Management › new account starts on the correct first step
[1A[2K[5/15] [chromium] › e2e/tests/products.spec.ts:110:2 › Product Management › required indicators match the workflow validation model
[1A[2K[6/15] [chromium] › e2e/tests/products.spec.ts:122:2 › Product Management › cannot select later tabs when earlier required tabs are incomplete
[1A[2K[7/15] [chromium] › e2e/tests/products.spec.ts:133:2 › Product Management › missing required fields block progression on detail and category steps
[1A[2K[8/15] [chromium] › e2e/tests/products.spec.ts:159:2 › Product Management › backward navigation still works
[1A[2K[9/15] [chromium] › e2e/tests/products.spec.ts:175:2 › Product Management › publish remains disabled until the full required set is valid
[1A[2K[10/15] [chromium] › e2e/tests/products.spec.ts:191:2 › Product Management › last step uses final action semantics instead of wrapping to the first tab
[1A[2K[11/15] [chromium] › e2e/tests/products.spec.ts:202:2 › Product Management › images tab uses a single effective scroll container
[1A[2K[12/15] [chromium] › e2e/tests/products.spec.ts:234:2 › Product Management › can create a new product
[1A[2K[13/15] [chromium] › e2e/tests/products.spec.ts:322:2 › Product Management › can edit an existing product
[1A[2K[14/15] [chromium] › e2e/tests/products.spec.ts:362:2 › Product Management › can delete a product
[1A[2K[15/15] [chromium] › e2e/tests/products.spec.ts:380:2 › Product Management › seeded products appear in public marketplace

--- E2E Global Teardown ---
  Cleanup complete
[1A[2K  15 passed (2.3m)
  [ 23/30] products                     [ndk]       run 3/5  PASS  143s
[1A[2K[WebServer] 
[WebServer] --- Seeding relay for e2e tests ---
[WebServer]   App pubkey: ed29ae1859d35e17...

[1A[2K[WebServer]   Published app settings (Kind 31990)

[1A[2K[WebServer]   Published admin list (Kind 30000)

[1A[2K[WebServer]   Published relay list (Kind 10002)

[1A[2K[WebServer] --- Relay seeding complete ---
[WebServer] 

[1A[2K[WebServer] [0m[2m[35m$[0m [2m[1mbun --hot src/index.tsx --host 0.0.0.0[0m

[1A[2K[WebServer] Fetching app settings from relay: ws://localhost:10547 for pubkey: ed29ae1859d35e17c8f9b9a1a21bd135881ddd2f8783466dd03723f439727035

[1A[2K[WebServer] Bootstrap manager initialized in bootstrap mode

[1A[2K[WebServer] Bootstrap manager initialized in bootstrap mode

[1A[2K[WebServer] App port: 34567

[1A[2K[WebServer] 🚀 Server running at http://localhost:34567/

[1A[2K[WebServer] NDK service connected to relay: ws://localhost:10547

[1A[2K[WebServer] Found existing admin list, updating internal list

[1A[2K[WebServer] Updated admin list with 2 admins: [ [0m[32m"ed29ae1859d35e17c8f9b9a1a21bd135881ddd2f8783466dd03723f439727035"[0m[0m[0m[2m,[0m
[WebServer]   [0m[32m"86a82cab18b293f53cbaaae8cdcbee3f7ec427fdf9f9c933db77800bb5ef38a0"[0m[0m
[WebServer] ]

[1A[2K[WebServer] Found existing setup event

[1A[2K[WebServer] Fetching with filter: {"kinds":[31990],"authors":["ed29ae1859d35e17c8f9b9a1a21bd135881ddd2f8783466dd03723f439727035"],"#d":["plebeian-market-handler"],"limit":1}


--- E2E Global Setup ---
  App pubkey: ed29ae1859d35e17...
[1A[2K[WebServer] Fetch returned 1 events
[WebServer] Found 1 app settings events
[WebServer] App settings loaded successfully

  Server health: OK (app settings loaded)
--- Global Setup Complete ---

[1A[2K[WebServer] [vanity-urls] No existing registry found
[WebServer] [nip05-names] No existing registry found
[WebServer] Subscribed to zap purchase receipts (App relay)
[WebServer] Connecting to zap relays: ws://localhost:10547, wss://relay.damus.io, wss://nos.lol, wss://relay.nostr.net, wss://relay.minibits.cash, wss://relay.coinos.io, wss://nwc.primal.net, wss://relay.primal.net


Running 15 tests using 1 worker

[1A[2K[WebServer] Subscribed to zap purchase receipts (Zap relays)
[WebServer] EventHandler initialized successfully
[WebServer] ✅ EventHandler initialized successfully

[1A[2K[1/15] [chromium] › e2e/tests/products.spec.ts:66:2 › Product Management › products list page shows seeded products
[1A[2K[chromium] › e2e/tests/products.spec.ts:66:2 › Product Management › products list page shows seeded products
  Seeding: base (user profiles)

[1A[2K    Published profile: TestMerchant

[1A[2K    Published profile: TestBuyer

[1A[2K    Published profile: TestApp

[1A[2K    Published admin list with devUser1

[1A[2K  Seeding: merchant (shipping, payments, products)

[1A[2K[WebServer] Live admin list update received (created_at=1783163571)

[1A[2K[WebServer] Updated admin list with 2 admins: [ [0m[32m"ed29ae1859d35e17c8f9b9a1a21bd135881ddd2f8783466dd03723f439727035"[0m[0m[0m[2m,[0m
[WebServer]   [0m[32m"86a82cab18b293f53cbaaae8cdcbee3f7ec427fdf9f9c933db77800bb5ef38a0"[0m[0m
[WebServer] ]

[1A[2K    Published shipping: Worldwide Standard

[1A[2K    Published shipping: Digital Delivery

[1A[2K    Published shipping: Local Pickup - Bitcoin Store

[1A[2K    Published payment: LIGHTNING_NETWORK

[1A[2K    Published V4V shares (10% to community)

[1A[2K    Published product: Bitcoin Hardware Wallet

[1A[2K    Published product: Nostr T-Shirt

[1A[2K    Published product: Bitcoin E-Book

[1A[2K    Published product: Bitcoin Conference Ticket

[1A[2K[WebServer] [32mBundled page in 3045ms[0m[2m:[0m src/index.html

[1A[2K[2/15] [chromium] › e2e/tests/products.spec.ts:74:2 › Product Management › can navigate to create product page
[1A[2K[3/15] [chromium] › e2e/tests/products.spec.ts:84:2 › Product Management › cannot advance from name tab when title is missing
[1A[2K[4/15] [chromium] › e2e/tests/products.spec.ts:95:2 › Product Management › new account starts on the correct first step
[1A[2K[5/15] [chromium] › e2e/tests/products.spec.ts:110:2 › Product Management › required indicators match the workflow validation model
[1A[2K[6/15] [chromium] › e2e/tests/products.spec.ts:122:2 › Product Management › cannot select later tabs when earlier required tabs are incomplete
[1A[2K[7/15] [chromium] › e2e/tests/products.spec.ts:133:2 › Product Management › missing required fields block progression on detail and category steps
[1A[2K[8/15] [chromium] › e2e/tests/products.spec.ts:159:2 › Product Management › backward navigation still works
[1A[2K[9/15] [chromium] › e2e/tests/products.spec.ts:175:2 › Product Management › publish remains disabled until the full required set is valid
[1A[2K[10/15] [chromium] › e2e/tests/products.spec.ts:191:2 › Product Management › last step uses final action semantics instead of wrapping to the first tab
[1A[2K[11/15] [chromium] › e2e/tests/products.spec.ts:202:2 › Product Management › images tab uses a single effective scroll container
[1A[2K[12/15] [chromium] › e2e/tests/products.spec.ts:234:2 › Product Management › can create a new product
[1A[2K  1) [chromium] › e2e/tests/products.spec.ts:234:2 › Product Management › can create a new product ─

    [31mTest timeout of 30000ms exceeded.[39m

    Error: locator.click: Target page, context or browser has been closed
    Call log:
    [2m  - waiting for getByTestId('product-publish-button')[22m
    [2m    - locator resolved to <button disabled type="submit" data-slot="button" data-size="default" data-variant="secondary" data-testid="product-publish-button" class="inline-flex items-center justify-center gap-2 rounded-md text-sm font-medium whitespace-nowrap transition-all outline-none focus-visible:border-ring focus-visible:ring-[3px] focus-visible:ring-ring/50 disabled:pointer-events-none disabled:opacity-50 aria-invalid:border-destructive aria-invalid:ring-destructive/20 dark:aria-invalid:ring-destructive/40 [&_svg]:pointe…>Publish Product</button>[22m
    [2m  - attempting click action[22m
    [2m    2 × waiting for element to be visible, enabled and stable[22m
    [2m      - element is not enabled[22m
    [2m    - retrying click action[22m
    [2m    - waiting 20ms[22m
    [2m    2 × waiting for element to be visible, enabled and stable[22m
    [2m      - element is not enabled[22m
    [2m    - retrying click action[22m
    [2m      - waiting 100ms[22m
    [2m    43 × waiting for element to be visible, enabled and stable[22m
    [2m       - element is not enabled[22m
    [2m     - retrying click action[22m
    [2m       - waiting 500ms[22m
    [2m    - waiting for element to be visible, enabled and stable[22m


      313 | 			await merchantPage.getByTestId('confirm-v4v-setup-button').click({ timeout: 5_000 })
      314 | 		} else {
    > 315 | 			await publishButton.click()
          | 			                    ^
      316 | 		}
      317 |
      318 | 		// Verify: the product page should show the product title (app redirects after publish)
        at /home/c03rad0r/market/e2e/tests/products.spec.ts:315:24

    attachment #1: screenshot (image/png) ──────────────────────────────────────────────────────────
    test-results/products-Product-Management-can-create-a-new-product-chromium/test-failed-1.png
    ────────────────────────────────────────────────────────────────────────────────────────────────

    Error Context: test-results/products-Product-Management-can-create-a-new-product-chromium/error-context.md


[1A[2K[13/15] [chromium] › e2e/tests/products.spec.ts:322:2 › Product Management › can edit an existing product
[1A[2K[chromium] › e2e/tests/products.spec.ts:322:2 › Product Management › can edit an existing product
  Seeding: base (user profiles)

[1A[2K    Published profile: TestMerchant

[1A[2K    Published profile: TestBuyer

[1A[2K    Published profile: TestApp

[1A[2K    Published admin list with devUser1

[1A[2K  Seeding: merchant (shipping, payments, products)

[1A[2K[WebServer] Live admin list update received (created_at=1783163664)

[1A[2K[WebServer] Updated admin list with 2 admins: [ [0m[32m"ed29ae1859d35e17c8f9b9a1a21bd135881ddd2f8783466dd03723f439727035"[0m[0m[0m[2m,[0m
[WebServer]   [0m[32m"86a82cab18b293f53cbaaae8cdcbee3f7ec427fdf9f9c933db77800bb5ef38a0"[0m[0m
[WebServer] ]

[1A[2K    Published shipping: Worldwide Standard

[1A[2K    Published shipping: Digital Delivery

[1A[2K    Published shipping: Local Pickup - Bitcoin Store

[1A[2K    Published payment: LIGHTNING_NETWORK

[1A[2K    Published V4V shares (10% to community)

[1A[2K    Published product: Bitcoin Hardware Wallet

[1A[2K    Published product: Nostr T-Shirt

[1A[2K    Published product: Bitcoin E-Book

[1A[2K    Published product: Bitcoin Conference Ticket

[1A[2K[14/15] [chromium] › e2e/tests/products.spec.ts:362:2 › Product Management › can delete a product
[1A[2K[15/15] [chromium] › e2e/tests/products.spec.ts:380:2 › Product Management › seeded products appear in public marketplace

--- E2E Global Teardown ---
  Cleanup complete
[1A[2K  1 failed
    [chromium] › e2e/tests/products.spec.ts:234:2 › Product Management › can create a new product ──
  14 passed (1.9m)
  [ 24/30] products                     [ndk]       run 4/5  FAIL  115s
[1A[2K[WebServer] 
[WebServer] --- Seeding relay for e2e tests ---
[WebServer]   App pubkey: ed29ae1859d35e17...

[1A[2K[WebServer]   Published app settings (Kind 31990)

[1A[2K[WebServer]   Published admin list (Kind 30000)

[1A[2K[WebServer]   Published relay list (Kind 10002)

[1A[2K[WebServer] --- Relay seeding complete ---
[WebServer] 

[1A[2K[WebServer] [0m[2m[35m$[0m [2m[1mbun --hot src/index.tsx --host 0.0.0.0[0m

[1A[2K[WebServer] Fetching app settings from relay: ws://localhost:10547 for pubkey: ed29ae1859d35e17c8f9b9a1a21bd135881ddd2f8783466dd03723f439727035

[1A[2K[WebServer] Bootstrap manager initialized in bootstrap mode

[1A[2K[WebServer] Bootstrap manager initialized in bootstrap mode

[1A[2K[WebServer] App port: 34567

[1A[2K[WebServer] 🚀 Server running at http://localhost:34567/


--- E2E Global Setup ---
  App pubkey: ed29ae1859d35e17...
[1A[2K[WebServer] NDK service connected to relay: ws://localhost:10547

[1A[2K[WebServer] Fetching with filter: {"kinds":[31990],"authors":["ed29ae1859d35e17c8f9b9a1a21bd135881ddd2f8783466dd03723f439727035"],"#d":["plebeian-market-handler"],"limit":1}

[1A[2K[WebServer] Found existing admin list, updating internal list

[1A[2K[WebServer] Updated admin list with 2 admins: [ [0m[32m"ed29ae1859d35e17c8f9b9a1a21bd135881ddd2f8783466dd03723f439727035"[0m[0m[0m[2m,[0m
[WebServer]   [0m[32m"86a82cab18b293f53cbaaae8cdcbee3f7ec427fdf9f9c933db77800bb5ef38a0"[0m[0m
[WebServer] ]

[1A[2K[WebServer] Found existing setup event

[1A[2K[WebServer] Fetch returned 1 events
[WebServer] Found 1 app settings events

[1A[2K[WebServer] App settings loaded successfully

[1A[2K[WebServer] [vanity-urls] No existing registry found

[1A[2K[WebServer] [nip05-names] No existing registry found

[1A[2K[WebServer] Subscribed to zap purchase receipts (App relay)
[WebServer] Connecting to zap relays: ws://localhost:10547, wss://relay.damus.io, wss://nos.lol, wss://relay.nostr.net, wss://relay.minibits.cash, wss://relay.coinos.io, wss://nwc.primal.net, wss://relay.primal.net

  Server health: OK (app settings loaded)
--- Global Setup Complete ---


Running 15 tests using 1 worker

[1A[2K[WebServer] Subscribed to zap purchase receipts (Zap relays)
[WebServer] EventHandler initialized successfully

[1A[2K[WebServer] ✅ EventHandler initialized successfully

[1A[2K[1/15] [chromium] › e2e/tests/products.spec.ts:66:2 › Product Management › products list page shows seeded products
[1A[2K[chromium] › e2e/tests/products.spec.ts:66:2 › Product Management › products list page shows seeded products
  Seeding: base (user profiles)

[1A[2K    Published profile: TestMerchant

[1A[2K    Published profile: TestBuyer

[1A[2K    Published profile: TestApp

[1A[2K    Published admin list with devUser1

[1A[2K  Seeding: merchant (shipping, payments, products)

[1A[2K[WebServer] Live admin list update received (created_at=1783163687)

[1A[2K[WebServer] Updated admin list with 2 admins: [ [0m[32m"ed29ae1859d35e17c8f9b9a1a21bd135881ddd2f8783466dd03723f439727035"[0m[0m[0m[2m,[0m
[WebServer]   [0m[32m"86a82cab18b293f53cbaaae8cdcbee3f7ec427fdf9f9c933db77800bb5ef38a0"[0m[0m
[WebServer] ]

[1A[2K    Published shipping: Worldwide Standard

[1A[2K    Published shipping: Digital Delivery

[1A[2K    Published shipping: Local Pickup - Bitcoin Store

[1A[2K    Published payment: LIGHTNING_NETWORK

[1A[2K    Published V4V shares (10% to community)

[1A[2K    Published product: Bitcoin Hardware Wallet

[1A[2K    Published product: Nostr T-Shirt

[1A[2K    Published product: Bitcoin E-Book

[1A[2K    Published product: Bitcoin Conference Ticket

[1A[2K[WebServer] [32mBundled page in 3875ms[0m[2m:[0m src/index.html

[1A[2K[2/15] [chromium] › e2e/tests/products.spec.ts:74:2 › Product Management › can navigate to create product page
[1A[2K[3/15] [chromium] › e2e/tests/products.spec.ts:84:2 › Product Management › cannot advance from name tab when title is missing
[1A[2K[4/15] [chromium] › e2e/tests/products.spec.ts:95:2 › Product Management › new account starts on the correct first step
[1A[2K[5/15] [chromium] › e2e/tests/products.spec.ts:110:2 › Product Management › required indicators match the workflow validation model
[1A[2K[6/15] [chromium] › e2e/tests/products.spec.ts:122:2 › Product Management › cannot select later tabs when earlier required tabs are incomplete
[1A[2K[7/15] [chromium] › e2e/tests/products.spec.ts:133:2 › Product Management › missing required fields block progression on detail and category steps
[1A[2K[8/15] [chromium] › e2e/tests/products.spec.ts:159:2 › Product Management › backward navigation still works
[1A[2K[9/15] [chromium] › e2e/tests/products.spec.ts:175:2 › Product Management › publish remains disabled until the full required set is valid
[1A[2K[10/15] [chromium] › e2e/tests/products.spec.ts:191:2 › Product Management › last step uses final action semantics instead of wrapping to the first tab
[1A[2K[11/15] [chromium] › e2e/tests/products.spec.ts:202:2 › Product Management › images tab uses a single effective scroll container
[1A[2K[12/15] [chromium] › e2e/tests/products.spec.ts:234:2 › Product Management › can create a new product
[1A[2K  1) [chromium] › e2e/tests/products.spec.ts:234:2 › Product Management › can create a new product ─

    [31mTest timeout of 30000ms exceeded.[39m

    Error: locator.click: Target page, context or browser has been closed
    Call log:
    [2m  - waiting for getByTestId('product-publish-button')[22m
    [2m    - locator resolved to <button disabled type="submit" data-slot="button" data-size="default" data-variant="secondary" data-testid="product-publish-button" class="inline-flex items-center justify-center gap-2 rounded-md text-sm font-medium whitespace-nowrap transition-all outline-none focus-visible:border-ring focus-visible:ring-[3px] focus-visible:ring-ring/50 disabled:pointer-events-none disabled:opacity-50 aria-invalid:border-destructive aria-invalid:ring-destructive/20 dark:aria-invalid:ring-destructive/40 [&_svg]:pointe…>Publish Product</button>[22m
    [2m  - attempting click action[22m
    [2m    2 × waiting for element to be visible, enabled and stable[22m
    [2m      - element is not enabled[22m
    [2m    - retrying click action[22m
    [2m    - waiting 20ms[22m
    [2m    2 × waiting for element to be visible, enabled and stable[22m
    [2m      - element is not enabled[22m
    [2m    - retrying click action[22m
    [2m      - waiting 100ms[22m
    [2m    46 × waiting for element to be visible, enabled and stable[22m
    [2m       - element is not enabled[22m
    [2m     - retrying click action[22m
    [2m       - waiting 500ms[22m


      313 | 			await merchantPage.getByTestId('confirm-v4v-setup-button').click({ timeout: 5_000 })
      314 | 		} else {
    > 315 | 			await publishButton.click()
          | 			                    ^
      316 | 		}
      317 |
      318 | 		// Verify: the product page should show the product title (app redirects after publish)
        at /home/c03rad0r/market/e2e/tests/products.spec.ts:315:24

    attachment #1: screenshot (image/png) ──────────────────────────────────────────────────────────
    test-results/products-Product-Management-can-create-a-new-product-chromium/test-failed-1.png
    ────────────────────────────────────────────────────────────────────────────────────────────────

    Error Context: test-results/products-Product-Management-can-create-a-new-product-chromium/error-context.md


[1A[2K[13/15] [chromium] › e2e/tests/products.spec.ts:322:2 › Product Management › can edit an existing product
[1A[2K[chromium] › e2e/tests/products.spec.ts:322:2 › Product Management › can edit an existing product
  Seeding: base (user profiles)

[1A[2K    Published profile: TestMerchant

[1A[2K    Published profile: TestBuyer

[1A[2K    Published profile: TestApp

[1A[2K    Published admin list with devUser1

[1A[2K  Seeding: merchant (shipping, payments, products)

[1A[2K    Published shipping: Worldwide Standard

[1A[2K[WebServer] Live admin list update received (created_at=1783163785)
[WebServer] Updated admin list with 2 admins: [ [0m[32m"ed29ae1859d35e17c8f9b9a1a21bd135881ddd2f8783466dd03723f439727035"[0m[0m[0m[2m,[0m
[WebServer]   [0m[32m"86a82cab18b293f53cbaaae8cdcbee3f7ec427fdf9f9c933db77800bb5ef38a0"[0m[0m
[WebServer] ]

[1A[2K    Published shipping: Digital Delivery

[1A[2K    Published shipping: Local Pickup - Bitcoin Store

[1A[2K    Published payment: LIGHTNING_NETWORK

[1A[2K    Published V4V shares (10% to community)

[1A[2K    Published product: Bitcoin Hardware Wallet

[1A[2K    Published product: Nostr T-Shirt

[1A[2K    Published product: Bitcoin E-Book

[1A[2K    Published product: Bitcoin Conference Ticket

[1A[2K[14/15] [chromium] › e2e/tests/products.spec.ts:362:2 › Product Management › can delete a product
[1A[2K[15/15] [chromium] › e2e/tests/products.spec.ts:380:2 › Product Management › seeded products appear in public marketplace

--- E2E Global Teardown ---
  Cleanup complete
[1A[2K  1 failed
    [chromium] › e2e/tests/products.spec.ts:234:2 › Product Management › can create a new product ──
  14 passed (2.0m)
  [ 25/30] products                     [ndk]       run 5/5  FAIL  120s
[1A[2K[WebServer] 
[WebServer] --- Seeding relay for e2e tests ---
[WebServer]   App pubkey: ed29ae1859d35e17...

[1A[2K[WebServer]   Published app settings (Kind 31990)

[1A[2K[WebServer]   Published admin list (Kind 30000)

[1A[2K[WebServer]   Published relay list (Kind 10002)

[1A[2K[WebServer] --- Relay seeding complete ---
[WebServer] 

[1A[2K[WebServer] [0m[2m[35m$[0m [2m[1mbun --hot src/index.tsx --host 0.0.0.0[0m

[1A[2K[WebServer] Fetching app settings from relay: ws://localhost:10547 for pubkey: ed29ae1859d35e17c8f9b9a1a21bd135881ddd2f8783466dd03723f439727035

[1A[2K[WebServer] Bootstrap manager initialized in bootstrap mode

[1A[2K[WebServer] Bootstrap manager initialized in bootstrap mode

[1A[2K[WebServer] App port: 34567

[1A[2K[WebServer] 🚀 Server running at http://localhost:34567/

[1A[2K[WebServer] NDK service connected to relay: ws://localhost:10547


--- E2E Global Setup ---
  App pubkey: ed29ae1859d35e17...
[1A[2K[WebServer] Found existing setup event

[1A[2K[WebServer] Found existing admin list, updating internal list

[1A[2K[WebServer] Updated admin list with 2 admins: [ [0m[32m"ed29ae1859d35e17c8f9b9a1a21bd135881ddd2f8783466dd03723f439727035"[0m[0m[0m[2m,[0m
[WebServer]   [0m[32m"86a82cab18b293f53cbaaae8cdcbee3f7ec427fdf9f9c933db77800bb5ef38a0"[0m[0m
[WebServer] ]

[1A[2K[WebServer] [vanity-urls] No existing registry found

[1A[2K[WebServer] [nip05-names] No existing registry found

[1A[2K[WebServer] Subscribed to zap purchase receipts (App relay)
[WebServer] Connecting to zap relays: ws://localhost:10547, wss://relay.damus.io, wss://nos.lol, wss://relay.nostr.net, wss://relay.minibits.cash, wss://relay.coinos.io, wss://nwc.primal.net, wss://relay.primal.net

[1A[2K[WebServer] Fetching with filter: {"kinds":[31990],"authors":["ed29ae1859d35e17c8f9b9a1a21bd135881ddd2f8783466dd03723f439727035"],"#d":["plebeian-market-handler"],"limit":1}

[1A[2K[WebServer] Fetch returned 1 events
[WebServer] Found 1 app settings events

[1A[2K[WebServer] App settings loaded successfully

  Server health: OK (app settings loaded)
--- Global Setup Complete ---


Running 8 tests using 1 worker

[1A[2K[WebServer] Marking event handler ready after initial delay (core components ready)

[1A[2K[1/8] [chromium] › e2e/tests/marketplace.spec.ts:184:2 › Marketplace Display › shows products from multiple sellers
[1A[2K[chromium] › e2e/tests/marketplace.spec.ts:184:2 › Marketplace Display › shows products from multiple sellers
  Seeding: base (user profiles)

[1A[2K    Published profile: TestMerchant

[1A[2K    Published profile: TestBuyer

[1A[2K    Published profile: TestApp

[1A[2K    Published admin list with devUser1

[1A[2K  Seeding: merchant (shipping, payments, products)

[1A[2K[WebServer] Live admin list update received (created_at=1783163808)

[1A[2K[WebServer] Updated admin list with 2 admins: [ [0m[32m"ed29ae1859d35e17c8f9b9a1a21bd135881ddd2f8783466dd03723f439727035"[0m[0m[0m[2m,[0m
[WebServer]   [0m[32m"86a82cab18b293f53cbaaae8cdcbee3f7ec427fdf9f9c933db77800bb5ef38a0"[0m[0m
[WebServer] ]

[1A[2K    Published shipping: Worldwide Standard

[1A[2K    Published shipping: Digital Delivery

[1A[2K    Published shipping: Local Pickup - Bitcoin Store

[1A[2K    Published payment: LIGHTNING_NETWORK

[1A[2K    Published V4V shares (10% to community)

[1A[2K    Published product: Bitcoin Hardware Wallet

[1A[2K    Published product: Nostr T-Shirt

[1A[2K    Published product: Bitcoin E-Book

[1A[2K    Published product: Bitcoin Conference Ticket

[1A[2K  Seeding: marketplace (second merchant)

[1A[2K    Published shipping: Express Shipping

[1A[2K    Published shipping: Digital Delivery

[1A[2K    Published payment: LIGHTNING_NETWORK

[1A[2K    Published V4V shares (10% to community)

[1A[2K    Published product: Lightning Node Setup Guide

[1A[2K[WebServer] Subscribed to zap purchase receipts (Zap relays)
[WebServer] EventHandler initialized successfully
[WebServer] ✅ EventHandler initialized successfully

[1A[2K[WebServer] [32mBundled page in 3307ms[0m[2m:[0m src/index.html

[1A[2K[2/8] [chromium] › e2e/tests/marketplace.spec.ts:218:2 › Multi-Merchant Cart › can add products from two different sellers to cart
[1A[2K  1) [chromium] › e2e/tests/marketplace.spec.ts:218:2 › Multi-Merchant Cart › can add products from two different sellers to cart 

    Error: [2mexpect([22m[31mlocator[39m[2m).[22mtoHaveCount[2m([22m[32mexpected[39m[2m)[22m failed

    Locator:  getByRole('dialog', { name: /your cart/i }).getByText('Select shipping method')
    Expected: [32m2[39m
    Received: [31m0[39m
    Timeout:  10000ms

    Call log:
    [2m  - Expect "toHaveCount" with timeout 10000ms[22m
    [2m  - waiting for getByRole('dialog', { name: /your cart/i }).getByText('Select shipping method')[22m
    [2m    23 × locator resolved to 0 elements[22m
    [2m       - unexpected value "0"[22m


      232 | 		// with separate shipping selectors for each seller
      233 | 		const shippingTriggers = cartDialog.getByText('Select shipping method')
    > 234 | 		await expect(shippingTriggers).toHaveCount(2, { timeout: 10_000 })
          | 		                               ^
      235 | 	})
      236 |
      237 | 	test('cart requires shipping per seller before checkout', async ({ newUserPage }) => {
        at /home/c03rad0r/market/e2e/tests/marketplace.spec.ts:234:34

    attachment #1: screenshot (image/png) ──────────────────────────────────────────────────────────
    test-results/marketplace-Multi-Merchant-5b09b-o-different-sellers-to-cart-chromium/test-failed-1.png
    ────────────────────────────────────────────────────────────────────────────────────────────────

    Error Context: test-results/marketplace-Multi-Merchant-5b09b-o-different-sellers-to-cart-chromium/error-context.md


[1A[2K[3/8] [chromium] › e2e/tests/marketplace.spec.ts:237:2 › Multi-Merchant Cart › cart requires shipping per seller before checkout
[1A[2K[chromium] › e2e/tests/marketplace.spec.ts:237:2 › Multi-Merchant Cart › cart requires shipping per seller before checkout
  Seeding: base (user profiles)

[1A[2K    Published profile: TestMerchant

[1A[2K    Published profile: TestBuyer

[1A[2K    Published profile: TestApp

[1A[2K    Published admin list with devUser1

[1A[2K  Seeding: merchant (shipping, payments, products)

[1A[2K[WebServer] Live admin list update received (created_at=1783163845)
[WebServer] Updated admin list with 2 admins: [ [0m[32m"ed29ae1859d35e17c8f9b9a1a21bd135881ddd2f8783466dd03723f439727035"[0m[0m[0m[2m,[0m
[WebServer]   [0m[32m"86a82cab18b293f53cbaaae8cdcbee3f7ec427fdf9f9c933db77800bb5ef38a0"[0m[0m
[WebServer] ]

[1A[2K    Published shipping: Worldwide Standard

[1A[2K    Published shipping: Digital Delivery

[1A[2K    Published shipping: Local Pickup - Bitcoin Store

[1A[2K    Published payment: LIGHTNING_NETWORK

[1A[2K    Published V4V shares (10% to community)

[1A[2K    Published product: Bitcoin Hardware Wallet

[1A[2K    Published product: Nostr T-Shirt

[1A[2K    Published product: Bitcoin E-Book

[1A[2K    Published product: Bitcoin Conference Ticket

[1A[2K  Seeding: marketplace (second merchant)

[1A[2K    Published shipping: Express Shipping

[1A[2K    Published shipping: Digital Delivery

[1A[2K    Published payment: LIGHTNING_NETWORK

[1A[2K    Published V4V shares (10% to community)

[1A[2K    Published product: Lightning Node Setup Guide

[1A[2K  2) [chromium] › e2e/tests/marketplace.spec.ts:237:2 › Multi-Merchant Cart › cart requires shipping per seller before checkout 

    Error: [2mexpect([22m[31mlocator[39m[2m).[22mtoBeVisible[2m([22m[2m)[22m failed

    Locator: getByText(/please select shipping options for/i)
    Expected: visible
    Timeout: 10000ms
    Error: element(s) not found

    Call log:
    [2m  - Expect "toBeVisible" with timeout 10000ms[22m
    [2m  - waiting for getByText(/please select shipping options for/i)[22m


      242 |
      243 | 		// Warning should show that shipping is missing
    > 244 | 		await expect(newUserPage.getByText(/please select shipping options for/i)).toBeVisible({ timeout: 10_000 })
          | 		                                                                           ^
      245 |
      246 | 		// Checkout button should be disabled
      247 | 		const checkoutButton = cartDialog.getByRole('button', { name: /^checkout$/i })
        at /home/c03rad0r/market/e2e/tests/marketplace.spec.ts:244:78

    attachment #1: screenshot (image/png) ──────────────────────────────────────────────────────────
    test-results/marketplace-Multi-Merchant-47053--per-seller-before-checkout-chromium/test-failed-1.png
    ────────────────────────────────────────────────────────────────────────────────────────────────

    Error Context: test-results/marketplace-Multi-Merchant-47053--per-seller-before-checkout-chromium/error-context.md


[1A[2K[4/8] [chromium] › e2e/tests/marketplace.spec.ts:274:2 › Multi-Seller Checkout with V4V › cart shows V4V payment breakdown per seller
[1A[2K[chromium] › e2e/tests/marketplace.spec.ts:274:2 › Multi-Seller Checkout with V4V › cart shows V4V payment breakdown per seller
  Seeding: base (user profiles)

[1A[2K    Published profile: TestMerchant

[1A[2K    Published profile: TestBuyer

[1A[2K    Published profile: TestApp

[1A[2K    Published admin list with devUser1

[1A[2K  Seeding: merchant (shipping, payments, products)

[1A[2K[WebServer] Live admin list update received (created_at=1783163864)

[1A[2K[WebServer] Updated admin list with 2 admins: [ [0m[32m"ed29ae1859d35e17c8f9b9a1a21bd135881ddd2f8783466dd03723f439727035"[0m[0m[0m[2m,[0m
[WebServer]   [0m[32m"86a82cab18b293f53cbaaae8cdcbee3f7ec427fdf9f9c933db77800bb5ef38a0"[0m[0m
[WebServer] ]

[1A[2K    Published shipping: Worldwide Standard

[1A[2K    Published shipping: Digital Delivery

[1A[2K    Published shipping: Local Pickup - Bitcoin Store

[1A[2K    Published payment: LIGHTNING_NETWORK

[1A[2K    Published V4V shares (10% to community)

[1A[2K    Published product: Bitcoin Hardware Wallet

[1A[2K    Published product: Nostr T-Shirt

[1A[2K    Published product: Bitcoin E-Book

[1A[2K    Published product: Bitcoin Conference Ticket

[1A[2K  Seeding: marketplace (second merchant)

[1A[2K    Published shipping: Express Shipping

[1A[2K    Published shipping: Digital Delivery

[1A[2K    Published payment: LIGHTNING_NETWORK

[1A[2K    Published V4V shares (10% to community)

[1A[2K    Published product: Lightning Node Setup Guide

[1A[2K[5/8] [chromium] › e2e/tests/marketplace.spec.ts:302:7 › Multi-Seller Checkout with V4V › multi-seller checkout generates correct invoice count
[1A[2K[6/8] [chromium] › e2e/tests/marketplace.spec.ts:330:2 › Multi-Seller Checkout with V4V › can complete multi-seller checkout with all invoices
[1A[2K  3) [chromium] › e2e/tests/marketplace.spec.ts:330:2 › Multi-Seller Checkout with V4V › can complete multi-seller checkout with all invoices 

    Error: [2mexpect([22m[31mlocator[39m[2m).[22mtoBeVisible[2m([22m[2m)[22m failed

    Locator: getByRole('dialog', { name: /your cart/i }).getByText('Select shipping method').first()
    Expected: visible
    Timeout: 10000ms
    Error: element(s) not found

    Call log:
    [2m  - Expect "toBeVisible" with timeout 10000ms[22m
    [2m  - waiting for getByRole('dialog', { name: /your cart/i }).getByText('Select shipping method').first()[22m


      85 |
      86 | 	// Wait for at least one shipping trigger to appear
    > 87 | 	await expect(shippingTriggers.first()).toBeVisible({ timeout: 10_000 })
         | 	                                       ^
      88 |
      89 | 	// Count how many need selecting
      90 | 	const count = await shippingTriggers.count()
        at selectShippingForAllSellers (/home/c03rad0r/market/e2e/tests/marketplace.spec.ts:87:41)
        at /home/c03rad0r/market/e2e/tests/marketplace.spec.ts:337:9

    attachment #1: screenshot (image/png) ──────────────────────────────────────────────────────────
    test-results/marketplace-Multi-Seller-C-1558c--checkout-with-all-invoices-chromium/test-failed-1.png
    ────────────────────────────────────────────────────────────────────────────────────────────────

    Error Context: test-results/marketplace-Multi-Seller-C-1558c--checkout-with-all-invoices-chromium/error-context.md


[1A[2K[7/8] [chromium] › e2e/tests/marketplace.spec.ts:374:2 › V4V Dashboard Management › circular economy page shows V4V configuration
[1A[2K[chromium] › e2e/tests/marketplace.spec.ts:374:2 › V4V Dashboard Management › circular economy page shows V4V configuration
  Seeding: base (user profiles)

[1A[2K    Published profile: TestMerchant

[1A[2K    Published profile: TestBuyer

[1A[2K    Published profile: TestApp

[1A[2K    Published admin list with devUser1

[1A[2K  Seeding: merchant (shipping, payments, products)

[1A[2K    Published shipping: Worldwide Standard

[1A[2K[WebServer] Live admin list update received (created_at=1783163896)
[WebServer] Updated admin list with 2 admins: [ [0m[32m"ed29ae1859d35e17c8f9b9a1a21bd135881ddd2f8783466dd03723f439727035"[0m[0m[0m[2m,[0m
[WebServer]   [0m[32m"86a82cab18b293f53cbaaae8cdcbee3f7ec427fdf9f9c933db77800bb5ef38a0"[0m[0m
[WebServer] ]

[1A[2K    Published shipping: Digital Delivery

[1A[2K    Published shipping: Local Pickup - Bitcoin Store

[1A[2K    Published payment: LIGHTNING_NETWORK

[1A[2K    Published V4V shares (10% to community)

[1A[2K    Published product: Bitcoin Hardware Wallet

[1A[2K    Published product: Nostr T-Shirt

[1A[2K    Published product: Bitcoin E-Book

[1A[2K    Published product: Bitcoin Conference Ticket

[1A[2K  Seeding: marketplace (second merchant)

[1A[2K    Published shipping: Express Shipping

[1A[2K    Published shipping: Digital Delivery

[1A[2K    Published payment: LIGHTNING_NETWORK

[1A[2K    Published V4V shares (10% to community)

[1A[2K    Published product: Lightning Node Setup Guide

[1A[2K[8/8] [chromium] › e2e/tests/marketplace.spec.ts:389:2 › V4V Dashboard Management › can add a V4V recipient and save

--- E2E Global Teardown ---
  Cleanup complete
[1A[2K  3 failed
    [chromium] › e2e/tests/marketplace.spec.ts:218:2 › Multi-Merchant Cart › can add products from two different sellers to cart 
    [chromium] › e2e/tests/marketplace.spec.ts:237:2 › Multi-Merchant Cart › cart requires shipping per seller before checkout 
    [chromium] › e2e/tests/marketplace.spec.ts:330:2 › Multi-Seller Checkout with V4V › can complete multi-seller checkout with all invoices 
  1 skipped
  4 passed (1.9m)
  [ 26/30] marketplace                  [ndk]       run 1/5  FAIL  118s
[1A[2K[WebServer] 
[WebServer] --- Seeding relay for e2e tests ---
[WebServer]   App pubkey: ed29ae1859d35e17...

[1A[2K[WebServer]   Published app settings (Kind 31990)

[1A[2K[WebServer]   Published admin list (Kind 30000)

[1A[2K[WebServer]   Published relay list (Kind 10002)

[1A[2K[WebServer] --- Relay seeding complete ---
[WebServer] 

[1A[2K[WebServer] [0m[2m[35m$[0m [2m[1mbun --hot src/index.tsx --host 0.0.0.0[0m

[1A[2K[WebServer] Fetching app settings from relay: ws://localhost:10547 for pubkey: ed29ae1859d35e17c8f9b9a1a21bd135881ddd2f8783466dd03723f439727035

[1A[2K[WebServer] Bootstrap manager initialized in bootstrap mode

[1A[2K[WebServer] Bootstrap manager initialized in bootstrap mode

[1A[2K[WebServer] App port: 34567

[1A[2K[WebServer] 🚀 Server running at http://localhost:34567/


--- E2E Global Setup ---
  App pubkey: ed29ae1859d35e17...
[1A[2K[WebServer] Fetching with filter: {"kinds":[31990],"authors":["ed29ae1859d35e17c8f9b9a1a21bd135881ddd2f8783466dd03723f439727035"],"#d":["plebeian-market-handler"],"limit":1}

[1A[2K[WebServer] NDK service connected to relay: ws://localhost:10547

[1A[2K[WebServer] Fetch returned 1 events
[WebServer] Found 1 app settings events

[1A[2K[WebServer] App settings loaded successfully

[1A[2K[WebServer] Found existing setup event

[1A[2K[WebServer] Found existing admin list, updating internal list
[WebServer] Updated admin list with 2 admins: [ [0m[32m"ed29ae1859d35e17c8f9b9a1a21bd135881ddd2f8783466dd03723f439727035"[0m[0m[0m[2m,[0m
[WebServer]   [0m[32m"86a82cab18b293f53cbaaae8cdcbee3f7ec427fdf9f9c933db77800bb5ef38a0"[0m[0m
[WebServer] ]

[1A[2K[WebServer] [vanity-urls] No existing registry found

[1A[2K[WebServer] [nip05-names] No existing registry found

[1A[2K[WebServer] Subscribed to zap purchase receipts (App relay)

[1A[2K[WebServer] Connecting to zap relays: ws://localhost:10547, wss://relay.damus.io, wss://nos.lol, wss://relay.nostr.net, wss://relay.minibits.cash, wss://relay.coinos.io, wss://nwc.primal.net, wss://relay.primal.net

  Server health: OK (app settings loaded)
--- Global Setup Complete ---


Running 8 tests using 1 worker

[1A[2K[WebServer] Subscribed to zap purchase receipts (Zap relays)
[WebServer] EventHandler initialized successfully

[1A[2K[WebServer] ✅ EventHandler initialized successfully

[1A[2K[1/8] [chromium] › e2e/tests/marketplace.spec.ts:184:2 › Marketplace Display › shows products from multiple sellers
[1A[2K[chromium] › e2e/tests/marketplace.spec.ts:184:2 › Marketplace Display › shows products from multiple sellers
  Seeding: base (user profiles)

[1A[2K    Published profile: TestMerchant

[1A[2K    Published profile: TestBuyer

[1A[2K    Published profile: TestApp

[1A[2K    Published admin list with devUser1

[1A[2K  Seeding: merchant (shipping, payments, products)

[1A[2K[WebServer] Live admin list update received (created_at=1783163924)
[WebServer] Updated admin list with 2 admins: [ [0m[32m"ed29ae1859d35e17c8f9b9a1a21bd135881ddd2f8783466dd03723f439727035"[0m[0m[0m[2m,[0m
[WebServer]   [0m[32m"86a82cab18b293f53cbaaae8cdcbee3f7ec427fdf9f9c933db77800bb5ef38a0"[0m[0m
[WebServer] ]

[1A[2K    Published shipping: Worldwide Standard

[1A[2K    Published shipping: Digital Delivery

[1A[2K    Published shipping: Local Pickup - Bitcoin Store

[1A[2K    Published payment: LIGHTNING_NETWORK

[1A[2K    Published V4V shares (10% to community)

[1A[2K    Published product: Bitcoin Hardware Wallet

[1A[2K    Published product: Nostr T-Shirt

[1A[2K    Published product: Bitcoin E-Book

[1A[2K    Published product: Bitcoin Conference Ticket

[1A[2K  Seeding: marketplace (second merchant)

[1A[2K    Published shipping: Express Shipping

[1A[2K    Published shipping: Digital Delivery

[1A[2K    Published payment: LIGHTNING_NETWORK

[1A[2K    Published V4V shares (10% to community)

[1A[2K    Published product: Lightning Node Setup Guide

[1A[2K[WebServer] [32mBundled page in 2415ms[0m[2m:[0m src/index.html

[1A[2K[2/8] [chromium] › e2e/tests/marketplace.spec.ts:218:2 › Multi-Merchant Cart › can add products from two different sellers to cart
[1A[2K  1) [chromium] › e2e/tests/marketplace.spec.ts:218:2 › Multi-Merchant Cart › can add products from two different sellers to cart 

    Error: [2mexpect([22m[31mlocator[39m[2m).[22mtoHaveCount[2m([22m[32mexpected[39m[2m)[22m failed

    Locator:  getByRole('dialog', { name: /your cart/i }).getByText('Select shipping method')
    Expected: [32m2[39m
    Received: [31m0[39m
    Timeout:  10000ms

    Call log:
    [2m  - Expect "toHaveCount" with timeout 10000ms[22m
    [2m  - waiting for getByRole('dialog', { name: /your cart/i }).getByText('Select shipping method')[22m
    [2m    23 × locator resolved to 0 elements[22m
    [2m       - unexpected value "0"[22m


      232 | 		// with separate shipping selectors for each seller
      233 | 		const shippingTriggers = cartDialog.getByText('Select shipping method')
    > 234 | 		await expect(shippingTriggers).toHaveCount(2, { timeout: 10_000 })
          | 		                               ^
      235 | 	})
      236 |
      237 | 	test('cart requires shipping per seller before checkout', async ({ newUserPage }) => {
        at /home/c03rad0r/market/e2e/tests/marketplace.spec.ts:234:34

    attachment #1: screenshot (image/png) ──────────────────────────────────────────────────────────
    test-results/marketplace-Multi-Merchant-5b09b-o-different-sellers-to-cart-chromium/test-failed-1.png
    ────────────────────────────────────────────────────────────────────────────────────────────────

    Error Context: test-results/marketplace-Multi-Merchant-5b09b-o-different-sellers-to-cart-chromium/error-context.md


[1A[2K[3/8] [chromium] › e2e/tests/marketplace.spec.ts:237:2 › Multi-Merchant Cart › cart requires shipping per seller before checkout
[1A[2K[chromium] › e2e/tests/marketplace.spec.ts:237:2 › Multi-Merchant Cart › cart requires shipping per seller before checkout
  Seeding: base (user profiles)

[1A[2K    Published profile: TestMerchant

[1A[2K    Published profile: TestBuyer

[1A[2K    Published profile: TestApp

[1A[2K    Published admin list with devUser1

[1A[2K  Seeding: merchant (shipping, payments, products)

[1A[2K[WebServer] Live admin list update received (created_at=1783163956)

[1A[2K[WebServer] Updated admin list with 2 admins: [ [0m[32m"ed29ae1859d35e17c8f9b9a1a21bd135881ddd2f8783466dd03723f439727035"[0m[0m[0m[2m,[0m
[WebServer]   [0m[32m"86a82cab18b293f53cbaaae8cdcbee3f7ec427fdf9f9c933db77800bb5ef38a0"[0m[0m
[WebServer] ]

[1A[2K    Published shipping: Worldwide Standard

[1A[2K    Published shipping: Digital Delivery

[1A[2K    Published shipping: Local Pickup - Bitcoin Store

[1A[2K    Published payment: LIGHTNING_NETWORK

[1A[2K    Published V4V shares (10% to community)

[1A[2K    Published product: Bitcoin Hardware Wallet

[1A[2K    Published product: Nostr T-Shirt

[1A[2K    Published product: Bitcoin E-Book

[1A[2K    Published product: Bitcoin Conference Ticket

[1A[2K  Seeding: marketplace (second merchant)

[1A[2K    Published shipping: Express Shipping

[1A[2K    Published shipping: Digital Delivery

[1A[2K    Published payment: LIGHTNING_NETWORK

[1A[2K    Published V4V shares (10% to community)

[1A[2K    Published product: Lightning Node Setup Guide

[1A[2K  2) [chromium] › e2e/tests/marketplace.spec.ts:237:2 › Multi-Merchant Cart › cart requires shipping per seller before checkout 

    Error: [2mexpect([22m[31mlocator[39m[2m).[22mtoBeVisible[2m([22m[2m)[22m failed

    Locator: getByText(/please select shipping options for/i)
    Expected: visible
    Timeout: 10000ms
    Error: element(s) not found

    Call log:
    [2m  - Expect "toBeVisible" with timeout 10000ms[22m
    [2m  - waiting for getByText(/please select shipping options for/i)[22m


      242 |
      243 | 		// Warning should show that shipping is missing
    > 244 | 		await expect(newUserPage.getByText(/please select shipping options for/i)).toBeVisible({ timeout: 10_000 })
          | 		                                                                           ^
      245 |
      246 | 		// Checkout button should be disabled
      247 | 		const checkoutButton = cartDialog.getByRole('button', { name: /^checkout$/i })
        at /home/c03rad0r/market/e2e/tests/marketplace.spec.ts:244:78

    attachment #1: screenshot (image/png) ──────────────────────────────────────────────────────────
    test-results/marketplace-Multi-Merchant-47053--per-seller-before-checkout-chromium/test-failed-1.png
    ────────────────────────────────────────────────────────────────────────────────────────────────

    Error Context: test-results/marketplace-Multi-Merchant-47053--per-seller-before-checkout-chromium/error-context.md


[1A[2K[4/8] [chromium] › e2e/tests/marketplace.spec.ts:274:2 › Multi-Seller Checkout with V4V › cart shows V4V payment breakdown per seller
[1A[2K[chromium] › e2e/tests/marketplace.spec.ts:274:2 › Multi-Seller Checkout with V4V › cart shows V4V payment breakdown per seller
  Seeding: base (user profiles)

[1A[2K    Published profile: TestMerchant

[1A[2K    Published profile: TestBuyer

[1A[2K    Published profile: TestApp

[1A[2K    Published admin list with devUser1

[1A[2K  Seeding: merchant (shipping, payments, products)

[1A[2K[WebServer] Live admin list update received (created_at=1783163975)

[1A[2K[WebServer] Updated admin list with 2 admins: [ [0m[32m"ed29ae1859d35e17c8f9b9a1a21bd135881ddd2f8783466dd03723f439727035"[0m[0m[0m[2m,[0m
[WebServer]   [0m[32m"86a82cab18b293f53cbaaae8cdcbee3f7ec427fdf9f9c933db77800bb5ef38a0"[0m[0m
[WebServer] ]

[1A[2K    Published shipping: Worldwide Standard

[1A[2K    Published shipping: Digital Delivery

[1A[2K    Published shipping: Local Pickup - Bitcoin Store

[1A[2K    Published payment: LIGHTNING_NETWORK

[1A[2K    Published V4V shares (10% to community)

[1A[2K    Published product: Bitcoin Hardware Wallet

[1A[2K    Published product: Nostr T-Shirt

[1A[2K    Published product: Bitcoin E-Book

[1A[2K    Published product: Bitcoin Conference Ticket

[1A[2K  Seeding: marketplace (second merchant)

[1A[2K    Published shipping: Express Shipping

[1A[2K    Published shipping: Digital Delivery

[1A[2K    Published payment: LIGHTNING_NETWORK

[1A[2K    Published V4V shares (10% to community)

[1A[2K    Published product: Lightning Node Setup Guide

[1A[2K[5/8] [chromium] › e2e/tests/marketplace.spec.ts:302:7 › Multi-Seller Checkout with V4V › multi-seller checkout generates correct invoice count
[1A[2K[6/8] [chromium] › e2e/tests/marketplace.spec.ts:330:2 › Multi-Seller Checkout with V4V › can complete multi-seller checkout with all invoices
[1A[2K  3) [chromium] › e2e/tests/marketplace.spec.ts:330:2 › Multi-Seller Checkout with V4V › can complete multi-seller checkout with all invoices 

    Error: [2mexpect([22m[31mlocator[39m[2m).[22mtoBeVisible[2m([22m[2m)[22m failed

    Locator: getByRole('dialog', { name: /your cart/i }).getByText('Select shipping method').first()
    Expected: visible
    Timeout: 10000ms
    Error: element(s) not found

    Call log:
    [2m  - Expect "toBeVisible" with timeout 10000ms[22m
    [2m  - waiting for getByRole('dialog', { name: /your cart/i }).getByText('Select shipping method').first()[22m


      85 |
      86 | 	// Wait for at least one shipping trigger to appear
    > 87 | 	await expect(shippingTriggers.first()).toBeVisible({ timeout: 10_000 })
         | 	                                       ^
      88 |
      89 | 	// Count how many need selecting
      90 | 	const count = await shippingTriggers.count()
        at selectShippingForAllSellers (/home/c03rad0r/market/e2e/tests/marketplace.spec.ts:87:41)
        at /home/c03rad0r/market/e2e/tests/marketplace.spec.ts:337:9

    attachment #1: screenshot (image/png) ──────────────────────────────────────────────────────────
    test-results/marketplace-Multi-Seller-C-1558c--checkout-with-all-invoices-chromium/test-failed-1.png
    ────────────────────────────────────────────────────────────────────────────────────────────────

    Error Context: test-results/marketplace-Multi-Seller-C-1558c--checkout-with-all-invoices-chromium/error-context.md


[1A[2K[7/8] [chromium] › e2e/tests/marketplace.spec.ts:374:2 › V4V Dashboard Management › circular economy page shows V4V configuration
[1A[2K[chromium] › e2e/tests/marketplace.spec.ts:374:2 › V4V Dashboard Management › circular economy page shows V4V configuration
  Seeding: base (user profiles)

[1A[2K    Published profile: TestMerchant

[1A[2K    Published profile: TestBuyer

[1A[2K    Published profile: TestApp

[1A[2K    Published admin list with devUser1

[1A[2K  Seeding: merchant (shipping, payments, products)

[1A[2K[WebServer] Live admin list update received (created_at=1783164006)
[WebServer] Updated admin list with 2 admins: [ [0m[32m"ed29ae1859d35e17c8f9b9a1a21bd135881ddd2f8783466dd03723f439727035"[0m[0m[0m[2m,[0m
[WebServer]   [0m[32m"86a82cab18b293f53cbaaae8cdcbee3f7ec427fdf9f9c933db77800bb5ef38a0"[0m[0m
[WebServer] ]

[1A[2K    Published shipping: Worldwide Standard

[1A[2K    Published shipping: Digital Delivery

[1A[2K    Published shipping: Local Pickup - Bitcoin Store

[1A[2K    Published payment: LIGHTNING_NETWORK

[1A[2K    Published V4V shares (10% to community)

[1A[2K    Published product: Bitcoin Hardware Wallet

[1A[2K    Published product: Nostr T-Shirt

[1A[2K    Published product: Bitcoin E-Book

[1A[2K    Published product: Bitcoin Conference Ticket

[1A[2K  Seeding: marketplace (second merchant)

[1A[2K    Published shipping: Express Shipping

[1A[2K    Published shipping: Digital Delivery

[1A[2K    Published payment: LIGHTNING_NETWORK

[1A[2K    Published V4V shares (10% to community)

[1A[2K    Published product: Lightning Node Setup Guide

[1A[2K[8/8] [chromium] › e2e/tests/marketplace.spec.ts:389:2 › V4V Dashboard Management › can add a V4V recipient and save

--- E2E Global Teardown ---
  Cleanup complete
[1A[2K  3 failed
    [chromium] › e2e/tests/marketplace.spec.ts:218:2 › Multi-Merchant Cart › can add products from two different sellers to cart 
    [chromium] › e2e/tests/marketplace.spec.ts:237:2 › Multi-Merchant Cart › cart requires shipping per seller before checkout 
    [chromium] › e2e/tests/marketplace.spec.ts:330:2 › Multi-Seller Checkout with V4V › can complete multi-seller checkout with all invoices 
  1 skipped
  4 passed (1.7m)
  [ 27/30] marketplace                  [ndk]       run 2/5  FAIL  104s
[1A[2K[WebServer] 
[WebServer] --- Seeding relay for e2e tests ---

[1A[2K[WebServer]   App pubkey: ed29ae1859d35e17...

[1A[2K[WebServer]   Published app settings (Kind 31990)

[1A[2K[WebServer]   Published admin list (Kind 30000)

[1A[2K[WebServer]   Published relay list (Kind 10002)

[1A[2K[WebServer] --- Relay seeding complete ---
[WebServer] 

[1A[2K[WebServer] [0m[2m[35m$[0m [2m[1mbun --hot src/index.tsx --host 0.0.0.0[0m

[1A[2K[WebServer] Fetching app settings from relay: ws://localhost:10547 for pubkey: ed29ae1859d35e17c8f9b9a1a21bd135881ddd2f8783466dd03723f439727035

[1A[2K[WebServer] Bootstrap manager initialized in bootstrap mode
[WebServer] Bootstrap manager initialized in bootstrap mode

[1A[2K[WebServer] App port: 34567

[1A[2K[WebServer] 🚀 Server running at http://localhost:34567/


--- E2E Global Setup ---
  App pubkey: ed29ae1859d35e17...
[1A[2K[WebServer] NDK service connected to relay: ws://localhost:10547

[1A[2K[WebServer] Fetching with filter: {"kinds":[31990],"authors":["ed29ae1859d35e17c8f9b9a1a21bd135881ddd2f8783466dd03723f439727035"],"#d":["plebeian-market-handler"],"limit":1}

[1A[2K[WebServer] Found existing admin list, updating internal list

[1A[2K[WebServer] Updated admin list with 2 admins: [ [0m[32m"ed29ae1859d35e17c8f9b9a1a21bd135881ddd2f8783466dd03723f439727035"[0m[0m[0m[2m,[0m
[WebServer]   [0m[32m"86a82cab18b293f53cbaaae8cdcbee3f7ec427fdf9f9c933db77800bb5ef38a0"[0m[0m
[WebServer] ]

[1A[2K[WebServer] Found existing setup event

[1A[2K[WebServer] Fetch returned 1 events
[WebServer] Found 1 app settings events

[1A[2K[WebServer] App settings loaded successfully

[1A[2K[WebServer] [vanity-urls] No existing registry found

[1A[2K[WebServer] [nip05-names] No existing registry found

[1A[2K[WebServer] Subscribed to zap purchase receipts (App relay)
[WebServer] Connecting to zap relays: ws://localhost:10547, wss://relay.damus.io, wss://nos.lol, wss://relay.nostr.net, wss://relay.minibits.cash, wss://relay.coinos.io, wss://nwc.primal.net, wss://relay.primal.net

  Server health: OK (app settings loaded)
--- Global Setup Complete ---

[1A[2K[WebServer] Subscribed to zap purchase receipts (Zap relays)
[WebServer] EventHandler initialized successfully
[WebServer] ✅ EventHandler initialized successfully


Running 8 tests using 1 worker

[1A[2K[1/8] [chromium] › e2e/tests/marketplace.spec.ts:184:2 › Marketplace Display › shows products from multiple sellers
[1A[2K[chromium] › e2e/tests/marketplace.spec.ts:184:2 › Marketplace Display › shows products from multiple sellers
  Seeding: base (user profiles)

[1A[2K    Published profile: TestMerchant

[1A[2K    Published profile: TestBuyer

[1A[2K    Published profile: TestApp

[1A[2K    Published admin list with devUser1

[1A[2K  Seeding: merchant (shipping, payments, products)

[1A[2K[WebServer] Live admin list update received (created_at=1783164033)
[WebServer] Updated admin list with 2 admins: [ [0m[32m"ed29ae1859d35e17c8f9b9a1a21bd135881ddd2f8783466dd03723f439727035"[0m[0m[0m[2m,[0m
[WebServer]   [0m[32m"86a82cab18b293f53cbaaae8cdcbee3f7ec427fdf9f9c933db77800bb5ef38a0"[0m[0m
[WebServer] ]

[1A[2K    Published shipping: Worldwide Standard

[1A[2K    Published shipping: Digital Delivery

[1A[2K    Published shipping: Local Pickup - Bitcoin Store

[1A[2K    Published payment: LIGHTNING_NETWORK

[1A[2K    Published V4V shares (10% to community)

[1A[2K    Published product: Bitcoin Hardware Wallet

[1A[2K    Published product: Nostr T-Shirt

[1A[2K    Published product: Bitcoin E-Book

[1A[2K    Published product: Bitcoin Conference Ticket

[1A[2K  Seeding: marketplace (second merchant)

[1A[2K    Published shipping: Express Shipping

[1A[2K    Published shipping: Digital Delivery

[1A[2K    Published payment: LIGHTNING_NETWORK

[1A[2K    Published V4V shares (10% to community)

[1A[2K    Published product: Lightning Node Setup Guide

[1A[2K[WebServer] [32mBundled page in 4887ms[0m[2m:[0m src/index.html

[1A[2K[2/8] [chromium] › e2e/tests/marketplace.spec.ts:218:2 › Multi-Merchant Cart › can add products from two different sellers to cart
[1A[2K  1) [chromium] › e2e/tests/marketplace.spec.ts:218:2 › Multi-Merchant Cart › can add products from two different sellers to cart 

    Error: [2mexpect([22m[31mlocator[39m[2m).[22mtoHaveCount[2m([22m[32mexpected[39m[2m)[22m failed

    Locator:  getByRole('dialog', { name: /your cart/i }).getByText('Select shipping method')
    Expected: [32m2[39m
    Received: [31m0[39m
    Timeout:  10000ms

    Call log:
    [2m  - Expect "toHaveCount" with timeout 10000ms[22m
    [2m  - waiting for getByRole('dialog', { name: /your cart/i }).getByText('Select shipping method')[22m
    [2m    23 × locator resolved to 0 elements[22m
    [2m       - unexpected value "0"[22m


      232 | 		// with separate shipping selectors for each seller
      233 | 		const shippingTriggers = cartDialog.getByText('Select shipping method')
    > 234 | 		await expect(shippingTriggers).toHaveCount(2, { timeout: 10_000 })
          | 		                               ^
      235 | 	})
      236 |
      237 | 	test('cart requires shipping per seller before checkout', async ({ newUserPage }) => {
        at /home/c03rad0r/market/e2e/tests/marketplace.spec.ts:234:34

    attachment #1: screenshot (image/png) ──────────────────────────────────────────────────────────
    test-results/marketplace-Multi-Merchant-5b09b-o-different-sellers-to-cart-chromium/test-failed-1.png
    ────────────────────────────────────────────────────────────────────────────────────────────────

    Error Context: test-results/marketplace-Multi-Merchant-5b09b-o-different-sellers-to-cart-chromium/error-context.md


[1A[2K[3/8] [chromium] › e2e/tests/marketplace.spec.ts:237:2 › Multi-Merchant Cart › cart requires shipping per seller before checkout
[1A[2K[chromium] › e2e/tests/marketplace.spec.ts:237:2 › Multi-Merchant Cart › cart requires shipping per seller before checkout
  Seeding: base (user profiles)

[1A[2K    Published profile: TestMerchant

[1A[2K    Published profile: TestBuyer

[1A[2K    Published profile: TestApp

[1A[2K    Published admin list with devUser1

[1A[2K  Seeding: merchant (shipping, payments, products)

[1A[2K[WebServer] Live admin list update received (created_at=1783164076)
[WebServer] Updated admin list with 2 admins: [ [0m[32m"ed29ae1859d35e17c8f9b9a1a21bd135881ddd2f8783466dd03723f439727035"[0m[0m[0m[2m,[0m
[WebServer]   [0m[32m"86a82cab18b293f53cbaaae8cdcbee3f7ec427fdf9f9c933db77800bb5ef38a0"[0m[0m
[WebServer] ]

[1A[2K    Published shipping: Worldwide Standard

[1A[2K    Published shipping: Digital Delivery

[1A[2K    Published shipping: Local Pickup - Bitcoin Store

[1A[2K    Published payment: LIGHTNING_NETWORK

[1A[2K    Published V4V shares (10% to community)

[1A[2K    Published product: Bitcoin Hardware Wallet

[1A[2K    Published product: Nostr T-Shirt

[1A[2K    Published product: Bitcoin E-Book

[1A[2K    Published product: Bitcoin Conference Ticket

[1A[2K  Seeding: marketplace (second merchant)

[1A[2K    Published shipping: Express Shipping

[1A[2K    Published shipping: Digital Delivery

[1A[2K    Published payment: LIGHTNING_NETWORK

[1A[2K    Published V4V shares (10% to community)

[1A[2K    Published product: Lightning Node Setup Guide

[1A[2K  2) [chromium] › e2e/tests/marketplace.spec.ts:237:2 › Multi-Merchant Cart › cart requires shipping per seller before checkout 

    Error: [2mexpect([22m[31mlocator[39m[2m).[22mtoBeVisible[2m([22m[2m)[22m failed

    Locator: getByText(/please select shipping options for/i)
    Expected: visible
    Timeout: 10000ms
    Error: element(s) not found

    Call log:
    [2m  - Expect "toBeVisible" with timeout 10000ms[22m
    [2m  - waiting for getByText(/please select shipping options for/i)[22m


      242 |
      243 | 		// Warning should show that shipping is missing
    > 244 | 		await expect(newUserPage.getByText(/please select shipping options for/i)).toBeVisible({ timeout: 10_000 })
          | 		                                                                           ^
      245 |
      246 | 		// Checkout button should be disabled
      247 | 		const checkoutButton = cartDialog.getByRole('button', { name: /^checkout$/i })
        at /home/c03rad0r/market/e2e/tests/marketplace.spec.ts:244:78

    attachment #1: screenshot (image/png) ──────────────────────────────────────────────────────────
    test-results/marketplace-Multi-Merchant-47053--per-seller-before-checkout-chromium/test-failed-1.png
    ────────────────────────────────────────────────────────────────────────────────────────────────

    Error Context: test-results/marketplace-Multi-Merchant-47053--per-seller-before-checkout-chromium/error-context.md


[1A[2K[4/8] [chromium] › e2e/tests/marketplace.spec.ts:274:2 › Multi-Seller Checkout with V4V › cart shows V4V payment breakdown per seller
[1A[2K[chromium] › e2e/tests/marketplace.spec.ts:274:2 › Multi-Seller Checkout with V4V › cart shows V4V payment breakdown per seller
  Seeding: base (user profiles)

[1A[2K    Published profile: TestMerchant

[1A[2K    Published profile: TestBuyer

[1A[2K    Published profile: TestApp

[1A[2K    Published admin list with devUser1

[1A[2K  Seeding: merchant (shipping, payments, products)

[1A[2K[WebServer] Live admin list update received (created_at=1783164103)
[WebServer] Updated admin list with 2 admins: [ [0m[32m"ed29ae1859d35e17c8f9b9a1a21bd135881ddd2f8783466dd03723f439727035"[0m[0m[0m[2m,[0m
[WebServer]   [0m[32m"86a82cab18b293f53cbaaae8cdcbee3f7ec427fdf9f9c933db77800bb5ef38a0"[0m[0m
[WebServer] ]

[1A[2K    Published shipping: Worldwide Standard

[1A[2K    Published shipping: Digital Delivery

[1A[2K    Published shipping: Local Pickup - Bitcoin Store

[1A[2K    Published payment: LIGHTNING_NETWORK

[1A[2K    Published V4V shares (10% to community)

[1A[2K    Published product: Bitcoin Hardware Wallet

[1A[2K    Published product: Nostr T-Shirt

[1A[2K    Published product: Bitcoin E-Book

[1A[2K    Published product: Bitcoin Conference Ticket

[1A[2K  Seeding: marketplace (second merchant)

[1A[2K    Published shipping: Express Shipping

[1A[2K    Published shipping: Digital Delivery

[1A[2K    Published payment: LIGHTNING_NETWORK

[1A[2K    Published V4V shares (10% to community)

[1A[2K    Published product: Lightning Node Setup Guide

[1A[2K[5/8] [chromium] › e2e/tests/marketplace.spec.ts:302:7 › Multi-Seller Checkout with V4V › multi-seller checkout generates correct invoice count
[1A[2K[6/8] [chromium] › e2e/tests/marketplace.spec.ts:330:2 › Multi-Seller Checkout with V4V › can complete multi-seller checkout with all invoices
[1A[2K  3) [chromium] › e2e/tests/marketplace.spec.ts:330:2 › Multi-Seller Checkout with V4V › can complete multi-seller checkout with all invoices 

    Error: [2mexpect([22m[31mlocator[39m[2m).[22mtoBeVisible[2m([22m[2m)[22m failed

    Locator: getByRole('dialog', { name: /your cart/i }).getByText('Select shipping method').first()
    Expected: visible
    Timeout: 10000ms
    Error: element(s) not found

    Call log:
    [2m  - Expect "toBeVisible" with timeout 10000ms[22m
    [2m  - waiting for getByRole('dialog', { name: /your cart/i }).getByText('Select shipping method').first()[22m


      85 |
      86 | 	// Wait for at least one shipping trigger to appear
    > 87 | 	await expect(shippingTriggers.first()).toBeVisible({ timeout: 10_000 })
         | 	                                       ^
      88 |
      89 | 	// Count how many need selecting
      90 | 	const count = await shippingTriggers.count()
        at selectShippingForAllSellers (/home/c03rad0r/market/e2e/tests/marketplace.spec.ts:87:41)
        at /home/c03rad0r/market/e2e/tests/marketplace.spec.ts:337:9

    attachment #1: screenshot (image/png) ──────────────────────────────────────────────────────────
    test-results/marketplace-Multi-Seller-C-1558c--checkout-with-all-invoices-chromium/test-failed-1.png
    ────────────────────────────────────────────────────────────────────────────────────────────────

    Error Context: test-results/marketplace-Multi-Seller-C-1558c--checkout-with-all-invoices-chromium/error-context.md


[1A[2K[7/8] [chromium] › e2e/tests/marketplace.spec.ts:374:2 › V4V Dashboard Management › circular economy page shows V4V configuration
[1A[2K[chromium] › e2e/tests/marketplace.spec.ts:374:2 › V4V Dashboard Management › circular economy page shows V4V configuration
  Seeding: base (user profiles)

[1A[2K    Published profile: TestMerchant

[1A[2K    Published profile: TestBuyer

[1A[2K    Published profile: TestApp

[1A[2K    Published admin list with devUser1

[1A[2K  Seeding: merchant (shipping, payments, products)

[1A[2K[WebServer] Live admin list update received (created_at=1783164144)

[1A[2K[WebServer] Updated admin list with 2 admins: [ [0m[32m"ed29ae1859d35e17c8f9b9a1a21bd135881ddd2f8783466dd03723f439727035"[0m[0m[0m[2m,[0m
[WebServer]   [0m[32m"86a82cab18b293f53cbaaae8cdcbee3f7ec427fdf9f9c933db77800bb5ef38a0"[0m[0m
[WebServer] ]

[1A[2K    Published shipping: Worldwide Standard

[1A[2K    Published shipping: Digital Delivery

[1A[2K    Published shipping: Local Pickup - Bitcoin Store

[1A[2K    Published payment: LIGHTNING_NETWORK

[1A[2K    Published V4V shares (10% to community)

[1A[2K    Published product: Bitcoin Hardware Wallet

[1A[2K    Published product: Nostr T-Shirt

[1A[2K    Published product: Bitcoin E-Book

[1A[2K    Published product: Bitcoin Conference Ticket

[1A[2K  Seeding: marketplace (second merchant)

[1A[2K    Published shipping: Express Shipping

[1A[2K    Published shipping: Digital Delivery

[1A[2K    Published payment: LIGHTNING_NETWORK

[1A[2K    Published V4V shares (10% to community)

[1A[2K    Published product: Lightning Node Setup Guide

[1A[2K[8/8] [chromium] › e2e/tests/marketplace.spec.ts:389:2 › V4V Dashboard Management › can add a V4V recipient and save

--- E2E Global Teardown ---
  Cleanup complete
[1A[2K  3 failed
    [chromium] › e2e/tests/marketplace.spec.ts:218:2 › Multi-Merchant Cart › can add products from two different sellers to cart 
    [chromium] › e2e/tests/marketplace.spec.ts:237:2 › Multi-Merchant Cart › cart requires shipping per seller before checkout 
    [chromium] › e2e/tests/marketplace.spec.ts:330:2 › Multi-Seller Checkout with V4V › can complete multi-seller checkout with all invoices 
  1 skipped
  4 passed (2.3m)
  [ 28/30] marketplace                  [ndk]       run 3/5  FAIL  140s
[1A[2K[WebServer] 
[WebServer] --- Seeding relay for e2e tests ---

[1A[2K[WebServer]   App pubkey: ed29ae1859d35e17...

[1A[2K[WebServer]   Published app settings (Kind 31990)

[1A[2K[WebServer]   Published admin list (Kind 30000)

[1A[2K[WebServer]   Published relay list (Kind 10002)

[1A[2K[WebServer] --- Relay seeding complete ---
[WebServer] 

[1A[2K[WebServer] [0m[2m[35m$[0m [2m[1mbun --hot src/index.tsx --host 0.0.0.0[0m

[1A[2K[WebServer] Fetching app settings from relay: ws://localhost:10547 for pubkey: ed29ae1859d35e17c8f9b9a1a21bd135881ddd2f8783466dd03723f439727035

[1A[2K[WebServer] Bootstrap manager initialized in bootstrap mode
[WebServer] Bootstrap manager initialized in bootstrap mode

[1A[2K[WebServer] App port: 34567

[1A[2K[WebServer] 🚀 Server running at http://localhost:34567/

[1A[2K[WebServer] NDK service connected to relay: ws://localhost:10547

[1A[2K[WebServer] Fetching with filter: {"kinds":[31990],"authors":["ed29ae1859d35e17c8f9b9a1a21bd135881ddd2f8783466dd03723f439727035"],"#d":["plebeian-market-handler"],"limit":1}

[1A[2K[WebServer] Found existing admin list, updating internal list

[1A[2K[WebServer] Updated admin list with 2 admins: [ [0m[32m"ed29ae1859d35e17c8f9b9a1a21bd135881ddd2f8783466dd03723f439727035"[0m[0m[0m[2m,[0m
[WebServer]   [0m[32m"86a82cab18b293f53cbaaae8cdcbee3f7ec427fdf9f9c933db77800bb5ef38a0"[0m[0m
[WebServer] ]

[1A[2K[WebServer] Found existing setup event
[WebServer] Fetch returned 1 events
[WebServer] Found 1 app settings events

[1A[2K[WebServer] App settings loaded successfully


--- E2E Global Setup ---
  App pubkey: ed29ae1859d35e17...
  Server health: OK (app settings loaded)
--- Global Setup Complete ---

[1A[2K[WebServer] [vanity-urls] No existing registry found

[1A[2K[WebServer] [nip05-names] No existing registry found
[WebServer] Subscribed to zap purchase receipts (App relay)
[WebServer] Connecting to zap relays: ws://localhost:10547, wss://relay.damus.io, wss://nos.lol, wss://relay.nostr.net, wss://relay.minibits.cash, wss://relay.coinos.io, wss://nwc.primal.net, wss://relay.primal.net


Running 8 tests using 1 worker

[1A[2K[WebServer] Subscribed to zap purchase receipts (Zap relays)
[WebServer] EventHandler initialized successfully
[WebServer] ✅ EventHandler initialized successfully

[1A[2K[1/8] [chromium] › e2e/tests/marketplace.spec.ts:184:2 › Marketplace Display › shows products from multiple sellers
[1A[2K[chromium] › e2e/tests/marketplace.spec.ts:184:2 › Marketplace Display › shows products from multiple sellers
  Seeding: base (user profiles)

[1A[2K    Published profile: TestMerchant

[1A[2K    Published profile: TestBuyer

[1A[2K    Published profile: TestApp

[1A[2K    Published admin list with devUser1

[1A[2K  Seeding: merchant (shipping, payments, products)

[1A[2K[WebServer] Live admin list update received (created_at=1783164175)
[WebServer] Updated admin list with 2 admins: [ [0m[32m"ed29ae1859d35e17c8f9b9a1a21bd135881ddd2f8783466dd03723f439727035"[0m[0m[0m[2m,[0m
[WebServer]   [0m[32m"86a82cab18b293f53cbaaae8cdcbee3f7ec427fdf9f9c933db77800bb5ef38a0"[0m[0m
[WebServer] ]

[1A[2K    Published shipping: Worldwide Standard

[1A[2K    Published shipping: Digital Delivery

[1A[2K    Published shipping: Local Pickup - Bitcoin Store

[1A[2K    Published payment: LIGHTNING_NETWORK

[1A[2K    Published V4V shares (10% to community)

[1A[2K    Published product: Bitcoin Hardware Wallet

[1A[2K    Published product: Nostr T-Shirt

[1A[2K    Published product: Bitcoin E-Book

[1A[2K    Published product: Bitcoin Conference Ticket

[1A[2K  Seeding: marketplace (second merchant)

[1A[2K    Published shipping: Express Shipping

[1A[2K    Published shipping: Digital Delivery

[1A[2K    Published payment: LIGHTNING_NETWORK

[1A[2K    Published V4V shares (10% to community)

[1A[2K    Published product: Lightning Node Setup Guide

[1A[2K[WebServer] [32mBundled page in 7462ms[0m[2m:[0m src/index.html

[1A[2K[2/8] [chromium] › e2e/tests/marketplace.spec.ts:218:2 › Multi-Merchant Cart › can add products from two different sellers to cart
[1A[2K  1) [chromium] › e2e/tests/marketplace.spec.ts:218:2 › Multi-Merchant Cart › can add products from two different sellers to cart 

    Error: [2mexpect([22m[31mlocator[39m[2m).[22mtoHaveCount[2m([22m[32mexpected[39m[2m)[22m failed

    Locator:  getByRole('dialog', { name: /your cart/i }).getByText('Select shipping method')
    Expected: [32m2[39m
    Received: [31m0[39m
    Timeout:  10000ms

    Call log:
    [2m  - Expect "toHaveCount" with timeout 10000ms[22m
    [2m  - waiting for getByRole('dialog', { name: /your cart/i }).getByText('Select shipping method')[22m
    [2m    24 × locator resolved to 0 elements[22m
    [2m       - unexpected value "0"[22m


      232 | 		// with separate shipping selectors for each seller
      233 | 		const shippingTriggers = cartDialog.getByText('Select shipping method')
    > 234 | 		await expect(shippingTriggers).toHaveCount(2, { timeout: 10_000 })
          | 		                               ^
      235 | 	})
      236 |
      237 | 	test('cart requires shipping per seller before checkout', async ({ newUserPage }) => {
        at /home/c03rad0r/market/e2e/tests/marketplace.spec.ts:234:34

    attachment #1: screenshot (image/png) ──────────────────────────────────────────────────────────
    test-results/marketplace-Multi-Merchant-5b09b-o-different-sellers-to-cart-chromium/test-failed-1.png
    ────────────────────────────────────────────────────────────────────────────────────────────────

    Error Context: test-results/marketplace-Multi-Merchant-5b09b-o-different-sellers-to-cart-chromium/error-context.md


[1A[2K[3/8] [chromium] › e2e/tests/marketplace.spec.ts:237:2 › Multi-Merchant Cart › cart requires shipping per seller before checkout
[1A[2K[chromium] › e2e/tests/marketplace.spec.ts:237:2 › Multi-Merchant Cart › cart requires shipping per seller before checkout
  Seeding: base (user profiles)

[1A[2K    Published profile: TestMerchant

[1A[2K    Published profile: TestBuyer

[1A[2K    Published profile: TestApp

[1A[2K    Published admin list with devUser1

[1A[2K  Seeding: merchant (shipping, payments, products)

[1A[2K[WebServer] Live admin list update received (created_at=1783164220)

[1A[2K[WebServer] Updated admin list with 2 admins: [ [0m[32m"ed29ae1859d35e17c8f9b9a1a21bd135881ddd2f8783466dd03723f439727035"[0m[0m[0m[2m,[0m
[WebServer]   [0m[32m"86a82cab18b293f53cbaaae8cdcbee3f7ec427fdf9f9c933db77800bb5ef38a0"[0m[0m
[WebServer] ]

[1A[2K    Published shipping: Worldwide Standard

[1A[2K    Published shipping: Digital Delivery

[1A[2K    Published shipping: Local Pickup - Bitcoin Store

[1A[2K    Published payment: LIGHTNING_NETWORK

[1A[2K    Published V4V shares (10% to community)

[1A[2K    Published product: Bitcoin Hardware Wallet

[1A[2K    Published product: Nostr T-Shirt

[1A[2K    Published product: Bitcoin E-Book

[1A[2K    Published product: Bitcoin Conference Ticket

[1A[2K  Seeding: marketplace (second merchant)

[1A[2K    Published shipping: Express Shipping

[1A[2K    Published shipping: Digital Delivery

[1A[2K    Published payment: LIGHTNING_NETWORK

[1A[2K    Published V4V shares (10% to community)

[1A[2K    Published product: Lightning Node Setup Guide

[1A[2K  2) [chromium] › e2e/tests/marketplace.spec.ts:237:2 › Multi-Merchant Cart › cart requires shipping per seller before checkout 

    Error: [2mexpect([22m[31mlocator[39m[2m).[22mtoBeVisible[2m([22m[2m)[22m failed

    Locator: getByText(/please select shipping options for/i)
    Expected: visible
    Timeout: 10000ms
    Error: element(s) not found

    Call log:
    [2m  - Expect "toBeVisible" with timeout 10000ms[22m
    [2m  - waiting for getByText(/please select shipping options for/i)[22m


      242 |
      243 | 		// Warning should show that shipping is missing
    > 244 | 		await expect(newUserPage.getByText(/please select shipping options for/i)).toBeVisible({ timeout: 10_000 })
          | 		                                                                           ^
      245 |
      246 | 		// Checkout button should be disabled
      247 | 		const checkoutButton = cartDialog.getByRole('button', { name: /^checkout$/i })
        at /home/c03rad0r/market/e2e/tests/marketplace.spec.ts:244:78

    attachment #1: screenshot (image/png) ──────────────────────────────────────────────────────────
    test-results/marketplace-Multi-Merchant-47053--per-seller-before-checkout-chromium/test-failed-1.png
    ────────────────────────────────────────────────────────────────────────────────────────────────

    Error Context: test-results/marketplace-Multi-Merchant-47053--per-seller-before-checkout-chromium/error-context.md


[1A[2K[4/8] [chromium] › e2e/tests/marketplace.spec.ts:274:2 › Multi-Seller Checkout with V4V › cart shows V4V payment breakdown per seller
[1A[2K[chromium] › e2e/tests/marketplace.spec.ts:274:2 › Multi-Seller Checkout with V4V › cart shows V4V payment breakdown per seller
  Seeding: base (user profiles)

[1A[2K    Published profile: TestMerchant

[1A[2K    Published profile: TestBuyer

[1A[2K    Published profile: TestApp

[1A[2K    Published admin list with devUser1

[1A[2K  Seeding: merchant (shipping, payments, products)

[1A[2K    Published shipping: Worldwide Standard

[1A[2K[WebServer] Live admin list update received (created_at=1783164241)

[1A[2K[WebServer] Updated admin list with 2 admins: [ [0m[32m"ed29ae1859d35e17c8f9b9a1a21bd135881ddd2f8783466dd03723f439727035"[0m[0m[0m[2m,[0m
[WebServer]   [0m[32m"86a82cab18b293f53cbaaae8cdcbee3f7ec427fdf9f9c933db77800bb5ef38a0"[0m[0m
[WebServer] ]

[1A[2K    Published shipping: Digital Delivery

[1A[2K    Published shipping: Local Pickup - Bitcoin Store

[1A[2K    Published payment: LIGHTNING_NETWORK

[1A[2K    Published V4V shares (10% to community)

[1A[2K    Published product: Bitcoin Hardware Wallet

[1A[2K    Published product: Nostr T-Shirt

[1A[2K    Published product: Bitcoin E-Book

[1A[2K    Published product: Bitcoin Conference Ticket

[1A[2K  Seeding: marketplace (second merchant)

[1A[2K    Published shipping: Express Shipping

[1A[2K    Published shipping: Digital Delivery

[1A[2K    Published payment: LIGHTNING_NETWORK

[1A[2K    Published V4V shares (10% to community)

[1A[2K    Published product: Lightning Node Setup Guide

[1A[2K[5/8] [chromium] › e2e/tests/marketplace.spec.ts:302:7 › Multi-Seller Checkout with V4V › multi-seller checkout generates correct invoice count
[1A[2K[6/8] [chromium] › e2e/tests/marketplace.spec.ts:330:2 › Multi-Seller Checkout with V4V › can complete multi-seller checkout with all invoices
[1A[2K  3) [chromium] › e2e/tests/marketplace.spec.ts:330:2 › Multi-Seller Checkout with V4V › can complete multi-seller checkout with all invoices 

    Error: [2mexpect([22m[31mlocator[39m[2m).[22mtoBeVisible[2m([22m[2m)[22m failed

    Locator: getByRole('dialog', { name: /your cart/i }).getByText('Select shipping method').first()
    Expected: visible
    Timeout: 10000ms
    Error: element(s) not found

    Call log:
    [2m  - Expect "toBeVisible" with timeout 10000ms[22m
    [2m  - waiting for getByRole('dialog', { name: /your cart/i }).getByText('Select shipping method').first()[22m


      85 |
      86 | 	// Wait for at least one shipping trigger to appear
    > 87 | 	await expect(shippingTriggers.first()).toBeVisible({ timeout: 10_000 })
         | 	                                       ^
      88 |
      89 | 	// Count how many need selecting
      90 | 	const count = await shippingTriggers.count()
        at selectShippingForAllSellers (/home/c03rad0r/market/e2e/tests/marketplace.spec.ts:87:41)
        at /home/c03rad0r/market/e2e/tests/marketplace.spec.ts:337:9

    attachment #1: screenshot (image/png) ──────────────────────────────────────────────────────────
    test-results/marketplace-Multi-Seller-C-1558c--checkout-with-all-invoices-chromium/test-failed-1.png
    ────────────────────────────────────────────────────────────────────────────────────────────────

    Error Context: test-results/marketplace-Multi-Seller-C-1558c--checkout-with-all-invoices-chromium/error-context.md


[1A[2K[7/8] [chromium] › e2e/tests/marketplace.spec.ts:374:2 › V4V Dashboard Management › circular economy page shows V4V configuration
[1A[2K[chromium] › e2e/tests/marketplace.spec.ts:374:2 › V4V Dashboard Management › circular economy page shows V4V configuration
  Seeding: base (user profiles)

[1A[2K    Published profile: TestMerchant

[1A[2K    Published profile: TestBuyer

[1A[2K    Published profile: TestApp

[1A[2K    Published admin list with devUser1

[1A[2K  Seeding: merchant (shipping, payments, products)

[1A[2K[WebServer] Live admin list update received (created_at=1783164281)

[1A[2K[WebServer] Updated admin list with 2 admins: [ [0m[32m"ed29ae1859d35e17c8f9b9a1a21bd135881ddd2f8783466dd03723f439727035"[0m[0m[0m[2m,[0m
[WebServer]   [0m[32m"86a82cab18b293f53cbaaae8cdcbee3f7ec427fdf9f9c933db77800bb5ef38a0"[0m[0m
[WebServer] ]

[1A[2K    Published shipping: Worldwide Standard

[1A[2K    Published shipping: Digital Delivery

[1A[2K    Published shipping: Local Pickup - Bitcoin Store

[1A[2K    Published payment: LIGHTNING_NETWORK

[1A[2K    Published V4V shares (10% to community)

[1A[2K    Published product: Bitcoin Hardware Wallet

[1A[2K    Published product: Nostr T-Shirt

[1A[2K    Published product: Bitcoin E-Book

[1A[2K    Published product: Bitcoin Conference Ticket

[1A[2K  Seeding: marketplace (second merchant)

[1A[2K    Published shipping: Express Shipping

[1A[2K    Published shipping: Digital Delivery

[1A[2K    Published payment: LIGHTNING_NETWORK

[1A[2K    Published V4V shares (10% to community)

[1A[2K    Published product: Lightning Node Setup Guide

[1A[2K[8/8] [chromium] › e2e/tests/marketplace.spec.ts:389:2 › V4V Dashboard Management › can add a V4V recipient and save

--- E2E Global Teardown ---
  Cleanup complete
[1A[2K  3 failed
    [chromium] › e2e/tests/marketplace.spec.ts:218:2 › Multi-Merchant Cart › can add products from two different sellers to cart 
    [chromium] › e2e/tests/marketplace.spec.ts:237:2 › Multi-Merchant Cart › cart requires shipping per seller before checkout 
    [chromium] › e2e/tests/marketplace.spec.ts:330:2 › Multi-Seller Checkout with V4V › can complete multi-seller checkout with all invoices 
  1 skipped
  4 passed (2.1m)
  [ 29/30] marketplace                  [ndk]       run 4/5  FAIL  134s
[1A[2K[WebServer] 
[WebServer] --- Seeding relay for e2e tests ---
[WebServer]   App pubkey: ed29ae1859d35e17...

[1A[2K[WebServer]   Published app settings (Kind 31990)

[1A[2K[WebServer]   Published admin list (Kind 30000)

[1A[2K[WebServer]   Published relay list (Kind 10002)

[1A[2K[WebServer] --- Relay seeding complete ---
[WebServer] 

[1A[2K[WebServer] [0m[2m[35m$[0m [2m[1mbun --hot src/index.tsx --host 0.0.0.0[0m

[1A[2K[WebServer] Fetching app settings from relay: ws://localhost:10547 for pubkey: ed29ae1859d35e17c8f9b9a1a21bd135881ddd2f8783466dd03723f439727035

[1A[2K[WebServer] Bootstrap manager initialized in bootstrap mode

[1A[2K[WebServer] Bootstrap manager initialized in bootstrap mode

[1A[2K[WebServer] App port: 34567

[1A[2K[WebServer] 🚀 Server running at http://localhost:34567/


--- E2E Global Setup ---
  App pubkey: ed29ae1859d35e17...
[1A[2K[WebServer] NDK service connected to relay: ws://localhost:10547

[1A[2K[WebServer] Fetching with filter: {"kinds":[31990],"authors":["ed29ae1859d35e17c8f9b9a1a21bd135881ddd2f8783466dd03723f439727035"],"#d":["plebeian-market-handler"],"limit":1}

[1A[2K[WebServer] Found existing admin list, updating internal list

[1A[2K[WebServer] Updated admin list with 2 admins: [ [0m[32m"ed29ae1859d35e17c8f9b9a1a21bd135881ddd2f8783466dd03723f439727035"[0m[0m[0m[2m,[0m
[WebServer]   [0m[32m"86a82cab18b293f53cbaaae8cdcbee3f7ec427fdf9f9c933db77800bb5ef38a0"[0m[0m
[WebServer] ]

[1A[2K[WebServer] Found existing setup event

[1A[2K[WebServer] Fetch returned 1 events
[WebServer] Found 1 app settings events

[1A[2K[WebServer] App settings loaded successfully

[1A[2K[WebServer] [vanity-urls] No existing registry found

[1A[2K[WebServer] [nip05-names] No existing registry found

[1A[2K[WebServer] Subscribed to zap purchase receipts (App relay)
[WebServer] Connecting to zap relays: ws://localhost:10547, wss://relay.damus.io, wss://nos.lol, wss://relay.nostr.net, wss://relay.minibits.cash, wss://relay.coinos.io, wss://nwc.primal.net, wss://relay.primal.net

  Server health: OK (app settings loaded)
--- Global Setup Complete ---

[1A[2K[WebServer] Subscribed to zap purchase receipts (Zap relays)
[WebServer] EventHandler initialized successfully
[WebServer] ✅ EventHandler initialized successfully


Running 8 tests using 1 worker

[1A[2K[1/8] [chromium] › e2e/tests/marketplace.spec.ts:184:2 › Marketplace Display › shows products from multiple sellers
[1A[2K[chromium] › e2e/tests/marketplace.spec.ts:184:2 › Marketplace Display › shows products from multiple sellers
  Seeding: base (user profiles)

[1A[2K    Published profile: TestMerchant

[1A[2K    Published profile: TestBuyer

[1A[2K    Published profile: TestApp

[1A[2K    Published admin list with devUser1

[1A[2K  Seeding: merchant (shipping, payments, products)

[1A[2K[WebServer] Live admin list update received (created_at=1783164306)
[WebServer] Updated admin list with 2 admins: [ [0m[32m"ed29ae1859d35e17c8f9b9a1a21bd135881ddd2f8783466dd03723f439727035"[0m[0m[0m[2m,[0m
[WebServer]   [0m[32m"86a82cab18b293f53cbaaae8cdcbee3f7ec427fdf9f9c933db77800bb5ef38a0"[0m[0m
[WebServer] ]

[1A[2K    Published shipping: Worldwide Standard

[1A[2K    Published shipping: Digital Delivery

[1A[2K    Published shipping: Local Pickup - Bitcoin Store

[1A[2K    Published payment: LIGHTNING_NETWORK

[1A[2K    Published V4V shares (10% to community)

[1A[2K    Published product: Bitcoin Hardware Wallet

[1A[2K    Published product: Nostr T-Shirt

[1A[2K    Published product: Bitcoin E-Book

[1A[2K    Published product: Bitcoin Conference Ticket

[1A[2K  Seeding: marketplace (second merchant)

[1A[2K    Published shipping: Express Shipping

[1A[2K    Published shipping: Digital Delivery

[1A[2K    Published payment: LIGHTNING_NETWORK

[1A[2K    Published V4V shares (10% to community)

[1A[2K    Published product: Lightning Node Setup Guide

[1A[2K[WebServer] [32mBundled page in 6354ms[0m[2m:[0m src/index.html

[1A[2K[2/8] [chromium] › e2e/tests/marketplace.spec.ts:218:2 › Multi-Merchant Cart › can add products from two different sellers to cart
[1A[2K  1) [chromium] › e2e/tests/marketplace.spec.ts:218:2 › Multi-Merchant Cart › can add products from two different sellers to cart 

    Error: [2mexpect([22m[31mlocator[39m[2m).[22mtoHaveCount[2m([22m[32mexpected[39m[2m)[22m failed

    Locator:  getByRole('dialog', { name: /your cart/i }).getByText('Select shipping method')
    Expected: [32m2[39m
    Received: [31m0[39m
    Timeout:  10000ms

    Call log:
    [2m  - Expect "toHaveCount" with timeout 10000ms[22m
    [2m  - waiting for getByRole('dialog', { name: /your cart/i }).getByText('Select shipping method')[22m
    [2m    23 × locator resolved to 0 elements[22m
    [2m       - unexpected value "0"[22m


      232 | 		// with separate shipping selectors for each seller
      233 | 		const shippingTriggers = cartDialog.getByText('Select shipping method')
    > 234 | 		await expect(shippingTriggers).toHaveCount(2, { timeout: 10_000 })
          | 		                               ^
      235 | 	})
      236 |
      237 | 	test('cart requires shipping per seller before checkout', async ({ newUserPage }) => {
        at /home/c03rad0r/market/e2e/tests/marketplace.spec.ts:234:34

    attachment #1: screenshot (image/png) ──────────────────────────────────────────────────────────
    test-results/marketplace-Multi-Merchant-5b09b-o-different-sellers-to-cart-chromium/test-failed-1.png
    ────────────────────────────────────────────────────────────────────────────────────────────────

    Error Context: test-results/marketplace-Multi-Merchant-5b09b-o-different-sellers-to-cart-chromium/error-context.md


[1A[2K[3/8] [chromium] › e2e/tests/marketplace.spec.ts:237:2 › Multi-Merchant Cart › cart requires shipping per seller before checkout
[1A[2K[chromium] › e2e/tests/marketplace.spec.ts:237:2 › Multi-Merchant Cart › cart requires shipping per seller before checkout
  Seeding: base (user profiles)

[1A[2K    Published profile: TestMerchant

[1A[2K    Published profile: TestBuyer

[1A[2K    Published profile: TestApp

[1A[2K    Published admin list with devUser1

[1A[2K  Seeding: merchant (shipping, payments, products)

[1A[2K[WebServer] Live admin list update received (created_at=1783164353)
[WebServer] Updated admin list with 2 admins: [ [0m[32m"ed29ae1859d35e17c8f9b9a1a21bd135881ddd2f8783466dd03723f439727035"[0m[0m[0m[2m,[0m
[WebServer]   [0m[32m"86a82cab18b293f53cbaaae8cdcbee3f7ec427fdf9f9c933db77800bb5ef38a0"[0m[0m
[WebServer] ]

[1A[2K    Published shipping: Worldwide Standard

[1A[2K    Published shipping: Digital Delivery

[1A[2K    Published shipping: Local Pickup - Bitcoin Store

[1A[2K    Published payment: LIGHTNING_NETWORK

[1A[2K    Published V4V shares (10% to community)

[1A[2K    Published product: Bitcoin Hardware Wallet

[1A[2K    Published product: Nostr T-Shirt

[1A[2K    Published product: Bitcoin E-Book

[1A[2K    Published product: Bitcoin Conference Ticket

[1A[2K  Seeding: marketplace (second merchant)

[1A[2K    Published shipping: Express Shipping

[1A[2K    Published shipping: Digital Delivery

[1A[2K    Published payment: LIGHTNING_NETWORK

[1A[2K    Published V4V shares (10% to community)

[1A[2K    Published product: Lightning Node Setup Guide

[1A[2K  2) [chromium] › e2e/tests/marketplace.spec.ts:237:2 › Multi-Merchant Cart › cart requires shipping per seller before checkout 

    Error: [2mexpect([22m[31mlocator[39m[2m).[22mtoBeVisible[2m([22m[2m)[22m failed

    Locator: getByText(/please select shipping options for/i)
    Expected: visible
    Timeout: 10000ms
    Error: element(s) not found

    Call log:
    [2m  - Expect "toBeVisible" with timeout 10000ms[22m
    [2m  - waiting for getByText(/please select shipping options for/i)[22m


      242 |
      243 | 		// Warning should show that shipping is missing
    > 244 | 		await expect(newUserPage.getByText(/please select shipping options for/i)).toBeVisible({ timeout: 10_000 })
          | 		                                                                           ^
      245 |
      246 | 		// Checkout button should be disabled
      247 | 		const checkoutButton = cartDialog.getByRole('button', { name: /^checkout$/i })
        at /home/c03rad0r/market/e2e/tests/marketplace.spec.ts:244:78

    attachment #1: screenshot (image/png) ──────────────────────────────────────────────────────────
    test-results/marketplace-Multi-Merchant-47053--per-seller-before-checkout-chromium/test-failed-1.png
    ────────────────────────────────────────────────────────────────────────────────────────────────

    Error Context: test-results/marketplace-Multi-Merchant-47053--per-seller-before-checkout-chromium/error-context.md


[1A[2K[4/8] [chromium] › e2e/tests/marketplace.spec.ts:274:2 › Multi-Seller Checkout with V4V › cart shows V4V payment breakdown per seller
[1A[2K[chromium] › e2e/tests/marketplace.spec.ts:274:2 › Multi-Seller Checkout with V4V › cart shows V4V payment breakdown per seller
  Seeding: base (user profiles)

[1A[2K    Published profile: TestMerchant

[1A[2K    Published profile: TestBuyer

[1A[2K    Published profile: TestApp

[1A[2K    Published admin list with devUser1

[1A[2K  Seeding: merchant (shipping, payments, products)

[1A[2K[WebServer] Live admin list update received (created_at=1783164377)

[1A[2K[WebServer] Updated admin list with 2 admins: [ [0m[32m"ed29ae1859d35e17c8f9b9a1a21bd135881ddd2f8783466dd03723f439727035"[0m[0m[0m[2m,[0m
[WebServer]   [0m[32m"86a82cab18b293f53cbaaae8cdcbee3f7ec427fdf9f9c933db77800bb5ef38a0"[0m[0m
[WebServer] ]

[1A[2K    Published shipping: Worldwide Standard

[1A[2K    Published shipping: Digital Delivery

[1A[2K    Published shipping: Local Pickup - Bitcoin Store

[1A[2K    Published payment: LIGHTNING_NETWORK

[1A[2K    Published V4V shares (10% to community)

[1A[2K    Published product: Bitcoin Hardware Wallet

[1A[2K    Published product: Nostr T-Shirt

[1A[2K    Published product: Bitcoin E-Book

[1A[2K    Published product: Bitcoin Conference Ticket

[1A[2K  Seeding: marketplace (second merchant)

[1A[2K    Published shipping: Express Shipping

[1A[2K    Published shipping: Digital Delivery

[1A[2K    Published payment: LIGHTNING_NETWORK

[1A[2K    Published V4V shares (10% to community)

[1A[2K    Published product: Lightning Node Setup Guide

[1A[2K[5/8] [chromium] › e2e/tests/marketplace.spec.ts:302:7 › Multi-Seller Checkout with V4V › multi-seller checkout generates correct invoice count
[1A[2K[6/8] [chromium] › e2e/tests/marketplace.spec.ts:330:2 › Multi-Seller Checkout with V4V › can complete multi-seller checkout with all invoices
[1A[2K  3) [chromium] › e2e/tests/marketplace.spec.ts:330:2 › Multi-Seller Checkout with V4V › can complete multi-seller checkout with all invoices 

    Error: [2mexpect([22m[31mlocator[39m[2m).[22mtoBeVisible[2m([22m[2m)[22m failed

    Locator: getByRole('dialog', { name: /your cart/i }).getByText('Select shipping method').first()
    Expected: visible
    Timeout: 10000ms
    Error: element(s) not found

    Call log:
    [2m  - Expect "toBeVisible" with timeout 10000ms[22m
    [2m  - waiting for getByRole('dialog', { name: /your cart/i }).getByText('Select shipping method').first()[22m


      85 |
      86 | 	// Wait for at least one shipping trigger to appear
    > 87 | 	await expect(shippingTriggers.first()).toBeVisible({ timeout: 10_000 })
         | 	                                       ^
      88 |
      89 | 	// Count how many need selecting
      90 | 	const count = await shippingTriggers.count()
        at selectShippingForAllSellers (/home/c03rad0r/market/e2e/tests/marketplace.spec.ts:87:41)
        at /home/c03rad0r/market/e2e/tests/marketplace.spec.ts:337:9

    attachment #1: screenshot (image/png) ──────────────────────────────────────────────────────────
    test-results/marketplace-Multi-Seller-C-1558c--checkout-with-all-invoices-chromium/test-failed-1.png
    ────────────────────────────────────────────────────────────────────────────────────────────────

    Error Context: test-results/marketplace-Multi-Seller-C-1558c--checkout-with-all-invoices-chromium/error-context.md


[1A[2K[7/8] [chromium] › e2e/tests/marketplace.spec.ts:374:2 › V4V Dashboard Management › circular economy page shows V4V configuration
[1A[2K[chromium] › e2e/tests/marketplace.spec.ts:374:2 › V4V Dashboard Management › circular economy page shows V4V configuration
  Seeding: base (user profiles)

[1A[2K    Published profile: TestMerchant

[1A[2K    Published profile: TestBuyer

[1A[2K    Published profile: TestApp

[1A[2K    Published admin list with devUser1

[1A[2K  Seeding: merchant (shipping, payments, products)

[1A[2K[WebServer] Live admin list update received (created_at=1783164417)

[1A[2K[WebServer] Updated admin list with 2 admins: [ [0m[32m"ed29ae1859d35e17c8f9b9a1a21bd135881ddd2f8783466dd03723f439727035"[0m[0m[0m[2m,[0m
[WebServer]   [0m[32m"86a82cab18b293f53cbaaae8cdcbee3f7ec427fdf9f9c933db77800bb5ef38a0"[0m[0m
[WebServer] ]

[1A[2K    Published shipping: Worldwide Standard

[1A[2K    Published shipping: Digital Delivery

[1A[2K    Published shipping: Local Pickup - Bitcoin Store

[1A[2K    Published payment: LIGHTNING_NETWORK

[1A[2K    Published V4V shares (10% to community)

[1A[2K    Published product: Bitcoin Hardware Wallet

[1A[2K    Published product: Nostr T-Shirt

[1A[2K    Published product: Bitcoin E-Book

[1A[2K    Published product: Bitcoin Conference Ticket

[1A[2K  Seeding: marketplace (second merchant)

[1A[2K    Published shipping: Express Shipping

[1A[2K    Published shipping: Digital Delivery

[1A[2K    Published payment: LIGHTNING_NETWORK

[1A[2K    Published V4V shares (10% to community)

[1A[2K    Published product: Lightning Node Setup Guide

[1A[2K[8/8] [chromium] › e2e/tests/marketplace.spec.ts:389:2 › V4V Dashboard Management › can add a V4V recipient and save

--- E2E Global Teardown ---
  Cleanup complete
[1A[2K  3 failed
    [chromium] › e2e/tests/marketplace.spec.ts:218:2 › Multi-Merchant Cart › can add products from two different sellers to cart 
    [chromium] › e2e/tests/marketplace.spec.ts:237:2 › Multi-Merchant Cart › cart requires shipping per seller before checkout 
    [chromium] › e2e/tests/marketplace.spec.ts:330:2 › Multi-Seller Checkout with V4V › can complete multi-seller checkout with all invoices 
  1 skipped
  4 passed (2.2m)
  [ 30/30] marketplace                  [ndk]       run 5/5  FAIL  137s

═══ summary ═══
24/30 runs failed
results     : /home/c03rad0r/market/e2e-benchmark-results/20260704T102444Z
report      : make e2e-benchmark-report   (or: python3 scripts/e2e-benchmark-report.py)
